nav,window,ticker,capped_transitions,mean_frac_capped,dollars_to_cash
1000000.0,2011-10 to 2016-07,BTAL,72,0.9416109941240632,5671378.646843387
1000000.0,2011-10 to 2016-07,SOXL,14,0.20021057879707366,1042062.8171710933
1000000.0,2011-10 to 2016-07,SVXY,14,0.446932155911822,516665.49410200666
1000000.0,2011-10 to 2016-07,TECL,7,0.258181745121507,820674.9115862858
1000000.0,2011-10 to 2016-07,TECS,13,0.13246665069561084,143359.8302373672
1000000.0,2016-08 to 2021-07,BTAL,105,0.8004899874636974,7039358.219495088
1000000.0,2016-08 to 2021-07,TECL,9,0.20773661842025104,356521.8221311052
1000000.0,2016-08 to 2021-07,TECS,16,0.3389710481607212,466554.15481860295
1000000.0,holdout 2021-08 to 2026-08,BTAL,10,0.5909687573711369,544527.518567893
5000000.0,2011-10 to 2016-07,BTAL,72,0.9883203183153542,29725045.178369462
5000000.0,2011-10 to 2016-07,LABU,1,0.10024644252553802,128253.8388652117
5000000.0,2011-10 to 2016-07,PSQ,2,0.1315128596149567,322216.2256652077
5000000.0,2011-10 to 2016-07,SOXL,286,0.45452715276337513,162732985.5861197
5000000.0,2011-10 to 2016-07,SQQQ,1,0.05505305493410806,167324.07527888566
5000000.0,2011-10 to 2016-07,SVXY,28,0.741088689859196,8588898.817351095
5000000.0,2011-10 to 2016-07,TECL,201,0.4707415575238184,79856381.68051341
5000000.0,2011-10 to 2016-07,TECS,48,0.5957262877166177,11952734.953932364
5000000.0,2016-08 to 2021-07,BTAL,124,0.921635646924073,48088585.08047738
5000000.0,2016-08 to 2021-07,SOXL,30,0.3481521478056244,13400424.928912923
5000000.0,2016-08 to 2021-07,TECL,52,0.4845965296977462,21266230.01723509
5000000.0,2016-08 to 2021-07,TECS,57,0.5408918064324106,12846505.271886773
5000000.0,holdout 2021-08 to 2026-08,BTAL,91,0.4158430748271185,17405876.72762101
5000000.0,last two years 2024-08 to 2026-08,BTAL,24,0.20414334018056154,2071766.797284759
10000000.0,2011-10 to 2016-07,BIL,29,0.24391327827033593,5928101.350273553
10000000.0,2011-10 to 2016-07,BSV,7,0.1182936349522571,2066478.8581191455
10000000.0,2011-10 to 2016-07,BTAL,72,0.9941585521667334,59758627.73528107
10000000.0,2011-10 to 2016-07,LABU,4,0.3515600577625084,3539675.902716619
10000000.0,2011-10 to 2016-07,PSQ,13,0.29496058263887476,8589946.966644645
10000000.0,2011-10 to 2016-07,SOXL,348,0.6493242334103566,495920406.17406994
10000000.0,2011-10 to 2016-07,SQQQ,23,0.22606144772445563,20713557.420326807
10000000.0,2011-10 to 2016-07,SVXY,28,0.8706579717574243,20205049.711581625
10000000.0,2011-10 to 2016-07,TECL,239,0.6750086499684792,241130673.9559688
10000000.0,2011-10 to 2016-07,TECS,73,0.6652191679484445,40595201.36528198
10000000.0,2011-10 to 2016-07,TQQQ,28,0.11870489102350804,15070165.753957355
10000000.0,2011-10 to 2016-07,UVXY,2,0.06783320356467196,1194101.5450461619
10000000.0,2016-08 to 2021-07,BIL,8,0.07152993334453656,481453.6243898558
10000000.0,2016-08 to 2021-07,BTAL,124,0.9608124131697796,100372007.21828143
10000000.0,2016-08 to 2021-07,SOXL,66,0.4610187588111151,77758928.97916159
10000000.0,2016-08 to 2021-07,TECL,91,0.5199237189356297,79691391.98979023
10000000.0,2016-08 to 2021-07,TECS,84,0.5893668512447632,41162071.77117488
10000000.0,2016-08 to 2021-07,UVXY,5,0.11674935339485729,5704204.348730424
10000000.0,holdout 2021-08 to 2026-08,BTAL,128,0.6256563962984518,70973215.22803551
10000000.0,holdout 2021-08 to 2026-08,TECS,4,0.3139601540401769,1014238.0015055672
10000000.0,holdout 2021-08 to 2026-08,UVXY,11,0.18117939959358073,17293457.815123536
10000000.0,last two years 2024-08 to 2026-08,BTAL,55,0.5011875001387699,23047562.86957731
25000000.0,2011-10 to 2016-07,BIL,62,0.5454178170893997,70501472.05349071
25000000.0,2011-10 to 2016-07,BSV,43,0.36380187074429615,97495243.98066096
25000000.0,2011-10 to 2016-07,BTAL,72,0.9976607049450128,149553991.91534317
25000000.0,2011-10 to 2016-07,LABU,8,0.5667831648020811,28369195.185295846
25000000.0,2011-10 to 2016-07,PSQ,36,0.514379927280375,79934015.23577839
25000000.0,2011-10 to 2016-07,SOXL,367,0.8379377108008879,1551761066.9270177
25000000.0,2011-10 to 2016-07,SPXL,1,0.35534385662978285,2220398.365283191
25000000.0,2011-10 to 2016-07,SQQQ,73,0.43408094060771063,241205642.89179358
25000000.0,2011-10 to 2016-07,SVXY,67,0.5682687669299316,79316466.3149115
25000000.0,2011-10 to 2016-07,TECL,261,0.8282631062066851,773052014.1037381
25000000.0,2011-10 to 2016-07,TECS,74,0.8622505156866065,133238774.9683599
25000000.0,2011-10 to 2016-07,TQQQ,224,0.4062818622532662,906158539.7531031
25000000.0,2011-10 to 2016-07,UVXY,15,0.38772923051001484,115529577.35969868
25000000.0,2016-08 to 2021-07,BIL,57,0.4367291073521009,52009892.16486089
25000000.0,2016-08 to 2021-07,BSV,11,0.21303236512867388,14703274.508578401
25000000.0,2016-08 to 2021-07,BTAL,124,0.9843229708521892,257029394.2664906
25000000.0,2016-08 to 2021-07,LABU,4,0.21670445092134222,5313552.936437329
25000000.0,2016-08 to 2021-07,PSQ,2,0.018552667422228337,232473.78504764102
25000000.0,2016-08 to 2021-07,SOXL,147,0.5175159551094617,485760614.56154716
25000000.0,2016-08 to 2021-07,SOXS,12,0.15452542751240717,3881696.932732651
25000000.0,2016-08 to 2021-07,SPXL,5,0.2973817384202085,16473899.801760659
25000000.0,2016-08 to 2021-07,SQQQ,8,0.1876744331018716,8331688.7036538785
25000000.0,2016-08 to 2021-07,TECL,166,0.5905286700012438,387457406.4058037
25000000.0,2016-08 to 2021-07,TECS,95,0.7674783250498743,151276274.74429882
25000000.0,2016-08 to 2021-07,TQQQ,23,0.1991085474447253,53847788.5957365
25000000.0,2016-08 to 2021-07,UVXY,68,0.281378891458105,394959624.90401685
25000000.0,holdout 2021-08 to 2026-08,BSV,3,0.15223477153150403,2931002.5229548663
25000000.0,holdout 2021-08 to 2026-08,BTAL,128,0.850321069645509,238846376.20343935
25000000.0,holdout 2021-08 to 2026-08,LABU,7,0.12433241965380219,5434142.7191175595
25000000.0,holdout 2021-08 to 2026-08,SVXY,1,0.05218359025485178,105390.531604853
25000000.0,holdout 2021-08 to 2026-08,TECL,27,0.24469824822177394,59440766.29973161
25000000.0,holdout 2021-08 to 2026-08,TECS,54,0.34971034372468857,39214755.12329018
25000000.0,holdout 2021-08 to 2026-08,UVXY,88,0.3426370327037408,554900576.3147359
25000000.0,last two years 2024-08 to 2026-08,BSV,3,0.15223477153150403,2931002.5229548663
25000000.0,last two years 2024-08 to 2026-08,BTAL,55,0.8006216521650502,92059524.65444763
25000000.0,last two years 2024-08 to 2026-08,LABU,1,0.3849907503993666,2416807.1330049047
25000000.0,last two years 2024-08 to 2026-08,SVXY,1,0.05218359025485178,105390.531604853
25000000.0,last two years 2024-08 to 2026-08,TECL,8,0.32191901986333216,29296537.25184221
25000000.0,last two years 2024-08 to 2026-08,TECS,32,0.30698221740417303,20485021.546151165
25000000.0,last two years 2024-08 to 2026-08,UVXY,37,0.24644896911966585,177668892.83154917
50000000.0,2011-10 to 2016-07,BIL,72,0.7046947841322845,210826297.43882576
50000000.0,2011-10 to 2016-07,BSV,48,0.6621935740042764,396532508.6002728
50000000.0,2011-10 to 2016-07,BTAL,72,0.9988296187908049,298762716.44867337
50000000.0,2011-10 to 2016-07,LABU,8,0.7837040409677347,78300044.08224952
50000000.0,2011-10 to 2016-07,PSQ,37,0.7504518097103092,226278469.61926088
50000000.0,2011-10 to 2016-07,SOXL,367,0.9189946502471007,3321716924.1040487
50000000.0,2011-10 to 2016-07,SPXL,1,0.677708627666886,8470412.254172081
50000000.0,2011-10 to 2016-07,SQQQ,138,0.5343225562528803,952582924.1165606
50000000.0,2011-10 to 2016-07,SVXY,103,0.6005549175351657,258239433.80533803
50000000.0,2011-10 to 2016-07,TECL,275,0.8829672224482058,1697940094.6462224
50000000.0,2011-10 to 2016-07,TECS,74,0.931078430778072,287542744.8865108
50000000.0,2011-10 to 2016-07,TQQQ,313,0.5839501430235323,3604343906.1967897
50000000.0,2011-10 to 2016-07,UVXY,38,0.45890382804845303,629365208.8704163
50000000.0,2016-08 to 2021-07,BIL,72,0.6337628958424738,190220382.68668836
50000000.0,2016-08 to 2021-07,BSV,20,0.4803275553364957,119715449.73699328
50000000.0,2016-08 to 2021-07,BTAL,124,0.992152486277976,517763184.6294375
50000000.0,2016-08 to 2021-07,LABU,6,0.5378221802852429,39972733.01465033
50000000.0,2016-08 to 2021-07,PSQ,13,0.33471761998537336,41147373.01872378
50000000.0,2016-08 to 2021-07,SOXL,240,0.5642009861826167,1669949007.3608663
50000000.0,2016-08 to 2021-07,SOXS,29,0.412580867008227,49660327.76821463
50000000.0,2016-08 to 2021-07,SPXL,8,0.5188947225568272,87332273.98847306
50000000.0,2016-08 to 2021-07,SQQQ,34,0.31122581365332475,120025526.53076766
50000000.0,2016-08 to 2021-07,SVXY,3,0.016752206974595642,219912.49827443436
50000000.0,2016-08 to 2021-07,TECL,218,0.6833539332338346,1110056692.1772916
50000000.0,2016-08 to 2021-07,TECS,95,0.8838810652488575,347954433.50337154
50000000.0,2016-08 to 2021-07,TQQQ,77,0.34594496983302564,566109312.7171123
50000000.0,2016-08 to 2021-07,UVXY,141,0.43845265439566405,2256773265.630085
50000000.0,holdout 2021-08 to 2026-08,BIL,5,0.15145132294953653,3205931.5663939603
50000000.0,holdout 2021-08 to 2026-08,BSV,25,0.36428166944242163,113995511.06861755
50000000.0,holdout 2021-08 to 2026-08,BTAL,128,0.9251624964309646,518532453.3286283
50000000.0,holdout 2021-08 to 2026-08,LABU,12,0.42128106830810275,62644248.98721212
50000000.0,holdout 2021-08 to 2026-08,PSQ,2,0.13430265034073197,3739374.844837712
50000000.0,holdout 2021-08 to 2026-08,SOXS,3,0.25640766989550506,3106866.2750743777
50000000.0,holdout 2021-08 to 2026-08,SVXY,65,0.2892783216406251,78726619.18132712
50000000.0,holdout 2021-08 to 2026-08,TECL,111,0.35119064344467793,428682688.3073806
50000000.0,holdout 2021-08 to 2026-08,TECS,102,0.46289388305385454,196401016.1197872
50000000.0,holdout 2021-08 to 2026-08,UVXY,151,0.5012835834185182,2352182357.6872888
50000000.0,last two years 2024-08 to 2026-08,BSV,20,0.39639467176821824,98898290.09191883
50000000.0,last two years 2024-08 to 2026-08,BTAL,55,0.9003249414508243,207068417.841394
50000000.0,last two years 2024-08 to 2026-08,LABU,1,0.6924545917701369,8692714.145150032
50000000.0,last two years 2024-08 to 2026-08,PSQ,2,0.13430265034073197,3739374.844837712
50000000.0,last two years 2024-08 to 2026-08,SVXY,49,0.3102257136301922,63604223.990769625
50000000.0,last two years 2024-08 to 2026-08,TECL,46,0.35387563163062397,194020949.41265234
50000000.0,last two years 2024-08 to 2026-08,TECS,46,0.513522606023651,98407343.0821683
50000000.0,last two years 2024-08 to 2026-08,UVXY,72,0.4383337132102799,995024679.214328
100000000.0,2011-10 to 2016-07,BIL,72,0.8521534789030848,509168830.71868443
100000000.0,2011-10 to 2016-07,BSV,48,0.8311876888133206,995930848.9986427
100000000.0,2011-10 to 2016-07,BTAL,72,0.9994143676040116,597105249.7285321
100000000.0,2011-10 to 2016-07,LABU,8,0.891892459063271,178029351.62454337
100000000.0,2011-10 to 2016-07,PSQ,37,0.8753903470922808,519674092.53777605
100000000.0,2011-10 to 2016-07,SOXL,367,0.9594850883077695,6857928708.985758
100000000.0,2011-10 to 2016-07,SPXL,2,0.6696854386281221,33449085.52482382
100000000.0,2011-10 to 2016-07,SQQQ,157,0.7109581807784742,2621534000.902274
100000000.0,2011-10 to 2016-07,SVXY,120,0.7366499476049149,738361687.542093
100000000.0,2011-10 to 2016-07,TECL,275,0.941491928892386,3568521998.9750485
100000000.0,2011-10 to 2016-07,TECS,74,0.9655232341425777,595973165.9786597
100000000.0,2011-10 to 2016-07,TQQQ,376,0.7098031196038423,10173677495.14902
100000000.0,2011-10 to 2016-07,UVXY,71,0.5147918932355043,2289945655.9425387
100000000.0,2016-08 to 2021-07,BIL,115,0.6283944600793927,602673486.7389241
100000000.0,2016-08 to 2021-07,BSV,28,0.632113196133667,441506718.8357476
100000000.0,2016-08 to 2021-07,BTAL,124,0.9960695693195794,1039081530.5548166
100000000.0,2016-08 to 2021-07,LABU,6,0.7681229420111427,114335471.3031685
100000000.0,2016-08 to 2021-07,PSQ,18,0.5822948813261584,177974219.56172627
100000000.0,2016-08 to 2021-07,QLD,2,0.3336558871308983,8490129.196698753
100000000.0,2016-08 to 2021-07,SOXL,315,0.6723929371635778,4802164585.288081
100000000.0,2016-08 to 2021-07,SOXS,39,0.5871885588425015,189874629.10230392
100000000.0,2016-08 to 2021-07,SPXL,11,0.6461479106340163,289256318.7754972
100000000.0,2016-08 to 2021-07,SQQQ,73,0.4497642115658542,749778710.151245
100000000.0,2016-08 to 2021-07,SVXY,88,0.2603001748140314,192391346.57555196
100000000.0,2016-08 to 2021-07,TECL,239,0.7992916388256099,2737245340.062379
100000000.0,2016-08 to 2021-07,TECS,95,0.9419950138234087,741854065.6661844
100000000.0,2016-08 to 2021-07,TQQQ,184,0.43303785257185956,3233113112.4752665
100000000.0,2016-08 to 2021-07,UVXY,187,0.6085267963681503,7178571128.676593
100000000.0,holdout 2021-08 to 2026-08,BIL,7,0.5424719423750649,31869389.16993487
100000000.0,holdout 2021-08 to 2026-08,BSV,37,0.6054923470134065,557093332.2249043
100000000.0,holdout 2021-08 to 2026-08,BTAL,128,0.9625732445866975,1077606110.5292914
100000000.0,holdout 2021-08 to 2026-08,LABU,21,0.5674846269896227,295595075.2936937
100000000.0,holdout 2021-08 to 2026-08,PSQ,15,0.23728120582322126,85849227.28926446
100000000.0,holdout 2021-08 to 2026-08,QLD,8,0.07425187482054912,7377085.63473092
100000000.0,holdout 2021-08 to 2026-08,SOXL,8,0.1575818917369115,36936772.19096652
100000000.0,holdout 2021-08 to 2026-08,SOXS,14,0.4563229844831947,52789358.98594982
100000000.0,holdout 2021-08 to 2026-08,SPXL,2,0.26134420756990717,26274278.769484393
100000000.0,holdout 2021-08 to 2026-08,SVXY,146,0.4464917321524639,545692215.3074712
100000000.0,holdout 2021-08 to 2026-08,TECL,253,0.47758594576080143,1932447696.2137184
100000000.0,holdout 2021-08 to 2026-08,TECS,113,0.7016540347557952,659353104.6810787
100000000.0,holdout 2021-08 to 2026-08,UVXY,187,0.6742255214585087,6768975243.8094425
100000000.0,last two years 2024-08 to 2026-08,BSV,20,0.6983315386354914,346996279.5667832
100000000.0,last two years 2024-08 to 2026-08,BTAL,55,0.9501642286045868,437062397.1642159
100000000.0,last two years 2024-08 to 2026-08,LABU,1,0.8462163843946123,21244411.672948666
100000000.0,last two years 2024-08 to 2026-08,PSQ,5,0.34098572201000754,43244969.79801745
100000000.0,last two years 2024-08 to 2026-08,SVXY,66,0.5860518071748784,324235672.96795434
100000000.0,last two years 2024-08 to 2026-08,TECL,104,0.48601418730168866,853181868.8577299
100000000.0,last two years 2024-08 to 2026-08,TECS,52,0.7177754913546127,310422567.0231548
100000000.0,last two years 2024-08 to 2026-08,UVXY,99,0.632192212681285,3183322027.454168
250000000.0,2011-10 to 2016-07,BIL,72,0.9408375249282656,1404597922.0591006
250000000.0,2011-10 to 2016-07,BSV,48,0.9325126731657178,2794630584.596981
250000000.0,2011-10 to 2016-07,BTAL,72,0.999765991510982,1492534341.0689483
250000000.0,2011-10 to 2016-07,LABU,8,0.9567913571499753,477362596.75204134
250000000.0,2011-10 to 2016-07,PSQ,37,0.9502145814321995,1400552955.923153
250000000.0,2011-10 to 2016-07,SOXL,367,0.983787743179474,17459857833.18969
250000000.0,2011-10 to 2016-07,SPXL,2,0.8680389768858074,108449460.52482381
250000000.0,2011-10 to 2016-07,SQQQ,163,0.8717733208614813,7875645198.645077
250000000.0,2011-10 to 2016-07,SVXY,161,0.7404635064491494,2488657011.8489003
250000000.0,2011-10 to 2016-07,TECL,275,0.976596318392711,9176196096.343237
250000000.0,2011-10 to 2016-07,TECS,74,0.986205037862858,1521024390.5455728
250000000.0,2011-10 to 2016-07,TLT,8,0.13331452160177082,33044284.38867004
250000000.0,2011-10 to 2016-07,TQQQ,382,0.8751912634294976,30737609479.32205
250000000.0,2011-10 to 2016-07,UVXY,87,0.7293526389223478,8315838693.956719
250000000.0,2016-08 to 2021-07,BIL,122,0.8287431061837724,2108414720.7555175
250000000.0,2016-08 to 2021-07,BSV,28,0.852855055240056,1491411093.2139685
250000000.0,2016-08 to 2021-07,BTAL,124,0.9984261420203284,2602715970.5983706
250000000.0,2016-08 to 2021-07,LABU,6,0.9074542061726497,339207196.490762
250000000.0,2016-08 to 2021-07,PSQ,22,0.7773079451341353,686747394.4000098
250000000.0,2016-08 to 2021-07,QLD,6,0.5534055975316081,104422910.91244408
250000000.0,2016-08 to 2021-07,SOXL,368,0.7977487960612134,15668906930.738829
250000000.0,2016-08 to 2021-07,SOXS,44,0.7927327833897295,722004154.5878518
250000000.0,2016-08 to 2021-07,SPXL,14,0.7591111819267401,1037306285.3625057
250000000.0,2016-08 to 2021-07,SQQQ,119,0.6223127319176521,4051890563.8871527
250000000.0,2016-08 to 2021-07,SVXY,135,0.5729368520016332,1614732986.0877213
250000000.0,2016-08 to 2021-07,TECL,248,0.9062074166747538,7790968024.807143
250000000.0,2016-08 to 2021-07,TECS,95,0.9768153246690507,1925877724.6151643
250000000.0,2016-08 to 2021-07,TQQQ,291,0.6499464153943417,18611776147.027405
250000000.0,2016-08 to 2021-07,UVXY,217,0.7917662584026345,23765960605.689346
250000000.0,holdout 2021-08 to 2026-08,BIL,8,0.7376592529624836,123531698.05632553
250000000.0,holdout 2021-08 to 2026-08,BSV,37,0.8421050689209889,1933860599.438233
250000000.0,holdout 2021-08 to 2026-08,BTAL,128,0.9850247589269415,2754028702.4482145
250000000.0,holdout 2021-08 to 2026-08,LABU,21,0.8270429674754577,1079162285.0906296
250000000.0,holdout 2021-08 to 2026-08,PSQ,23,0.6182845908782852,691735102.4315715
250000000.0,holdout 2021-08 to 2026-08,QLD,20,0.43655636107686624,270356001.14453393
250000000.0,holdout 2021-08 to 2026-08,SOXL,54,0.3072688647829734,1145320909.3408613
250000000.0,holdout 2021-08 to 2026-08,SOXS,27,0.5536583244957073,309862035.02215976
250000000.0,holdout 2021-08 to 2026-08,SPXL,8,0.5258838461348633,388070176.1330477
250000000.0,holdout 2021-08 to 2026-08,SQQQ,16,0.1579800189523135,191701516.72684115
250000000.0,holdout 2021-08 to 2026-08,SVXY,171,0.7285941735737903,2605739633.551216
250000000.0,holdout 2021-08 to 2026-08,TECL,276,0.768499120621454,7387059359.060394
250000000.0,holdout 2021-08 to 2026-08,TECS,113,0.8805048662610704,2066609317.357097
250000000.0,holdout 2021-08 to 2026-08,UVXY,216,0.8026991510209952,20842075717.884876
250000000.0,last two years 2024-08 to 2026-08,BSV,20,0.8794033645412679,1091845949.2687721
250000000.0,last two years 2024-08 to 2026-08,BTAL,55,0.9800659079460623,1127040930.2777286
250000000.0,last two years 2024-08 to 2026-08,LABU,1,0.9384839326770807,58899502.18964818
250000000.0,last two years 2024-08 to 2026-08,PSQ,5,0.7362033200755519,199046515.24771258
250000000.0,last two years 2024-08 to 2026-08,QLD,1,0.3770853902902219,11859484.355085097
250000000.0,last two years 2024-08 to 2026-08,SOXL,1,0.4935296192649729,93795468.96090776
250000000.0,last two years 2024-08 to 2026-08,SPXL,2,0.4445518121233456,55258644.31268058
250000000.0,last two years 2024-08 to 2026-08,SVXY,66,0.8343244853532406,1154146427.6084216
250000000.0,last two years 2024-08 to 2026-08,TECL,113,0.7740257283381708,3209191450.525706
250000000.0,last two years 2024-08 to 2026-08,TECS,52,0.8868938824691578,957495623.8233299
250000000.0,last two years 2024-08 to 2026-08,UVXY,110,0.7980988687808409,10019679556.254246
500000000.0,2011-10 to 2016-07,BIL,72,0.9704172193315953,2897138388.384823
500000000.0,2011-10 to 2016-07,BSV,48,0.96627084338555,5793765967.155963
500000000.0,2011-10 to 2016-07,BTAL,72,0.9998830896338509,2985074807.3946705
500000000.0,2011-10 to 2016-07,LABU,8,0.9784187902274233,976859154.8063459
500000000.0,2011-10 to 2016-07,PSQ,37,0.9751225273050032,2868661771.120044
500000000.0,2011-10 to 2016-07,SOXL,367,0.9918933206508204,35129578953.77503
500000000.0,2011-10 to 2016-07,SPXL,2,0.9340468957613981,233450085.52482384
500000000.0,2011-10 to 2016-07,SQQQ,163,0.9358922352654439,16652584813.949299
500000000.0,2011-10 to 2016-07,SVXY,170,0.8483258215945685,6018822315.958066
500000000.0,2011-10 to 2016-07,TECL,275,0.988298257250433,18522056730.432007
500000000.0,2011-10 to 2016-07,TECS,74,0.9931015767357841,3062902549.1631703
500000000.0,2011-10 to 2016-07,TLT,112,0.3034573589264045,2128012534.386246
500000000.0,2011-10 to 2016-07,TQQQ,382,0.9375933991899148,65067924088.93165
500000000.0,2011-10 to 2016-07,UVXY,87,0.8646067217908211,18709511489.40953
500000000.0,2016-08 to 2021-07,BIL,122,0.9143026963551932,4651410546.577842
500000000.0,2016-08 to 2021-07,BSV,28,0.9264567150055946,3240966248.975834
500000000.0,2016-08 to 2021-07,BTAL,124,0.9992125899317186,5207838823.550162
500000000.0,2016-08 to 2021-07,LABU,6,0.9537866045790317,714435017.940103
500000000.0,2016-08 to 2021-07,PSQ,22,0.8891720679323495,1555496903.3738468
500000000.0,2016-08 to 2021-07,QLD,6,0.7761436229592947,291681981.5053204
500000000.0,2016-08 to 2021-07,SOXL,375,0.8896903461586835,34653008311.18597
500000000.0,2016-08 to 2021-07,SOXS,44,0.8966048304110593,1637107007.1604674
500000000.0,2016-08 to 2021-07,SPXL,14,0.8793868045638232,2353478982.5232744
500000000.0,2016-08 to 2021-07,SQQQ,143,0.724097171573712,10945003071.673506
500000000.0,2016-08 to 2021-07,SVXY,151,0.7390778233585059,4651452909.539878
500000000.0,2016-08 to 2021-07,TECL,248,0.9531770634258135,16227987569.968977
500000000.0,2016-08 to 2021-07,TECS,95,0.9884330140297206,3903057918.6067452
500000000.0,2016-08 to 2021-07,TLT,71,0.28066975040545133,1244093739.209364
500000000.0,2016-08 to 2021-07,TQQQ,374,0.6964530495567806,50999880872.85924
500000000.0,2016-08 to 2021-07,UVXY,219,0.8905995361050217,51806329880.773636
500000000.0,holdout 2021-08 to 2026-08,BIL,104,0.3038875816922601,1326220773.9207644
500000000.0,holdout 2021-08 to 2026-08,BSV,37,0.9211428037739945,4232502085.280264
500000000.0,holdout 2021-08 to 2026-08,BTAL,128,0.9925045744447096,5537947263.655722
500000000.0,holdout 2021-08 to 2026-08,LABU,21,0.9134022678596203,2383621606.9294386
500000000.0,holdout 2021-08 to 2026-08,PSQ,23,0.8090705042352636,1753092022.0670047
500000000.0,holdout 2021-08 to 2026-08,QLD,20,0.7180551494981344,892661491.8887343
500000000.0,holdout 2021-08 to 2026-08,SOXL,153,0.38380157688303,7240453570.937903
500000000.0,holdout 2021-08 to 2026-08,SOXS,67,0.44586981275808335,1239842218.3485765
500000000.0,holdout 2021-08 to 2026-08,SPXL,8,0.7629610772621694,1074448813.7554529
500000000.0,holdout 2021-08 to 2026-08,SQQQ,91,0.3255212989782665,5271844846.755744
500000000.0,holdout 2021-08 to 2026-08,SVXY,171,0.8642295211207804,6177537519.383471
500000000.0,holdout 2021-08 to 2026-08,TECL,276,0.8842038804060349,16532492707.984652
500000000.0,holdout 2021-08 to 2026-08,TECS,113,0.9402382342708856,4412709102.055771
500000000.0,holdout 2021-08 to 2026-08,TQQQ,154,0.17513835585411128,6001403048.544207
500000000.0,holdout 2021-08 to 2026-08,UVXY,216,0.9012534151466643,44656459211.26991
500000000.0,last two years 2024-08 to 2026-08,BIL,47,0.1824901213602927,359591693.84316766
500000000.0,last two years 2024-08 to 2026-08,BSV,20,0.9398400078719424,2335518740.895906
500000000.0,last two years 2024-08 to 2026-08,BTAL,55,0.9900302732231299,2276072597.348754
500000000.0,last two years 2024-08 to 2026-08,LABU,1,0.9692327700135125,121622251.10169727
500000000.0,last two years 2024-08 to 2026-08,PSQ,5,0.8678832147239748,457164448.8228612
500000000.0,last two years 2024-08 to 2026-08,QLD,1,0.6885603791136169,43313450.63446543
500000000.0,last two years 2024-08 to 2026-08,SOXL,25,0.15536369800608724,726282053.9875009
500000000.0,last two years 2024-08 to 2026-08,SOXS,10,0.10229898356346356,42333354.44442292
500000000.0,last two years 2024-08 to 2026-08,SPXL,2,0.7223828235531708,179681153.93715495
500000000.0,last two years 2024-08 to 2026-08,SQQQ,30,0.25280723400994093,1290712574.8129478
500000000.0,last two years 2024-08 to 2026-08,SVXY,66,0.9171339849974596,2536849135.7320356
500000000.0,last two years 2024-08 to 2026-08,TECL,113,0.8870207321288556,7157144458.131784
500000000.0,last two years 2024-08 to 2026-08,TECS,52,0.9434327883015656,2037065791.7993848
500000000.0,last two years 2024-08 to 2026-08,TQQQ,39,0.2085812804227396,1787641896.2707455
500000000.0,last two years 2024-08 to 2026-08,UVXY,110,0.8989989018787876,21520600559.266983
