window,line,n,ann_return,ann_vol,sharpe_naive,sharpe_lo,sortino,calmar,max_dd
P11,engine10m,2472,0.43047640714678503,0.4760485583574402,0.9760383281822202,1.1826388502828828,1.523643608760061,0.8326421273134434,-0.5170005132165678
P11,fund_gross,2472,0.26796758912168817,0.2764611656963144,0.9740316035784946,1.3073993938775264,1.5477220374950666,1.0524110913339415,-0.2546225437267452
P11,fund_net_2_20,2472,0.1980888752379859,0.25017562856609504,0.8223329219117099,1.1543171137420971,1.2913738104530244,0.7661762518644861,-0.2585421758452283
P11,fund_net_15_15,2472,0.21488066804755346,0.25655395266877634,0.8623925482964279,1.196330832698195,1.358315584113221,0.8335757468050948,-0.2577818139157022
P11,qqq,2472,0.23106919540019155,0.1906921548354874,1.1545823248211935,1.8026044415538087,1.606980659409146,0.8383277651616252,-0.27563108965577754
P12,engine10m,2410,0.4746582382808864,0.4798762763867857,1.0351845073038075,1.319555918452171,1.6200070209175599,0.9181001297808293,-0.5170005132165679
P12,fund_gross,2410,0.2943142167420172,0.27852390710003183,1.0421927799377164,1.510891289397538,1.661675415231715,1.1558843629253337,-0.25462254372674553
P12,fund_net_2_20,2410,0.21735637600861812,0.2420786508400738,0.9070324978418781,1.3577405385166628,1.4334098632372976,0.9258710898249453,-0.23475878920651227
P12,fund_net_15_15,2410,0.23563469942916604,0.25105644730348814,0.942703415965453,1.3968056329465175,1.4932343405194357,0.9806540365182695,-0.2402832096279004
P12,qqq,2410,0.22797430627607929,0.19024644405158497,1.1428101018238366,1.7897764179780093,1.587862886430775,0.827099390568696,-0.27563108965577765
H,engine10m,1265,1.0319481448591685,0.5144882869185778,1.5650416608717448,3.5483310230562846,2.3707805744261474,2.4780957039274436,-0.41642788178990486
H,fund_gross,1265,0.5163123002948911,0.27955689182805005,1.4976434182843643,2.7553957792073676,2.21623368397887,1.9356206113948211,-0.2667425100019125
H,fund_net_2_20,1265,0.39761899585250804,0.23572790592850015,1.3817111962848805,2.5171436930599436,2.02414533883285,1.725950097128429,-0.23037687851696964
H,fund_net_15_15,1265,0.42612888209672684,0.2468954056366121,1.4120775778579098,2.575493057011673,2.073916200540658,1.778331958808667,-0.2396227993238098
H,qqq,1265,0.15763519307724838,0.23008188522122797,0.5900037770759121,0.7437910986825167,0.8342915727147803,0.4296050308619114,-0.3669305100105248
