pair,leveraged,underlying,sma_length,scope,n_sessions,first_date,last_date,n_drawdown_entries,frac_agree_above_below,n_disagree_sessions,n_disagreement_runs,run_mean,run_median,run_p75,run_p95,run_max,run_n_len_1,run_n_len_2_5,run_n_len_6_20,run_n_len_gt_20,n_crossovers_underlying,n_crossovers_leveraged,frac_lev_above,frac_und_above,direction,n_matched,mean_offset,median_offset,sd_offset,min_offset,p05_offset,p25_offset,p75_offset,p95_offset,max_offset,frac_offset_zero,frac_abs_offset_le_1,frac_abs_offset_le_5,frac_offset_positive,n_unmatched_underlying,n_unmatched_leveraged
FAS/XLF,FAS,XLF,20,all,4442,2008-12-17,2026-08-17,33,0.9529491220171095,209,177,1.1807909604519775,1.0,1.0,2.0,4,153,24,0,0,532,518,0.605132823052679,0.6238180999549753,all,474,0.09282700421940929,0.0,7.863249226437535,-56,-2.0,0.0,0.0,2.0,42,0.7341772151898734,0.8860759493670886,0.930379746835443,0.1350210970464135,58,44
FAS/XLF,FAS,XLF,20,all,4442,2008-12-17,2026-08-17,33,0.9529491220171095,209,177,1.1807909604519775,1.0,1.0,2.0,4,153,24,0,0,532,518,0.605132823052679,0.6238180999549753,down,237,-0.046413502109704644,0.0,7.920283297095982,-56,-2.0,0.0,0.0,2.1999999999999886,39,0.7383966244725738,0.8860759493670886,0.9282700421940928,0.08016877637130802,29,22
FAS/XLF,FAS,XLF,20,all,4442,2008-12-17,2026-08-17,33,0.9529491220171095,209,177,1.1807909604519775,1.0,1.0,2.0,4,153,24,0,0,532,518,0.605132823052679,0.6238180999549753,up,237,0.2320675105485232,0.0,7.820073119136634,-55,-1.1999999999999993,0.0,0.0,2.0,42,0.729957805907173,0.8860759493670886,0.9324894514767933,0.189873417721519,29,22
FAS/XLF,FAS,XLF,20,post_dd20,1075,2009-01-15,2024-01-24,33,0.9451162790697675,59,50,1.18,1.0,1.0,2.0,3,43,7,0,0,131,518,0.6046511627906976,0.6316279069767442,all,127,-1.8661417322834646,0.0,13.751399469747723,-56,-37.79999999999999,0.0,0.0,3.6999999999999886,40,0.6771653543307087,0.8188976377952756,0.8661417322834646,0.16535433070866143,4,391
FAS/XLF,FAS,XLF,20,post_dd20,1075,2009-01-15,2024-01-24,33,0.9451162790697675,59,50,1.18,1.0,1.0,2.0,3,43,7,0,0,131,518,0.6046511627906976,0.6316279069767442,down,61,-2.6065573770491803,0.0,13.792846803717486,-56,-42.0,0.0,0.0,3.0,38,0.6885245901639344,0.8360655737704918,0.8688524590163934,0.09836065573770492,2,198
FAS/XLF,FAS,XLF,20,post_dd20,1075,2009-01-15,2024-01-24,33,0.9451162790697675,59,50,1.18,1.0,1.0,2.0,3,43,7,0,0,131,518,0.6046511627906976,0.6316279069767442,up,66,-1.1818181818181819,0.0,13.782831115791616,-54,-19.75,0.0,0.0,5.0,40,0.6666666666666666,0.803030303030303,0.8636363636363636,0.22727272727272727,2,193
FAS/XLF,FAS,XLF,50,all,4412,2009-02-02,2026-08-17,32,0.9460562103354487,238,158,1.5063291139240507,1.0,2.0,3.1500000000000057,6,110,46,2,0,335,347,0.6346328195829556,0.6645512239347234,all,288,0.6805555555555556,0.0,8.696711523783762,-59,-3.0,0.0,0.0,5.649999999999977,45,0.6354166666666666,0.8125,0.90625,0.20833333333333334,47,59
FAS/XLF,FAS,XLF,50,all,4412,2009-02-02,2026-08-17,32,0.9460562103354487,238,158,1.5063291139240507,1.0,2.0,3.1500000000000057,6,110,46,2,0,335,347,0.6346328195829556,0.6645512239347234,down,144,0.1736111111111111,0.0,9.148602141006085,-59,-2.8499999999999996,0.0,0.0,5.549999999999983,43,0.6597222222222222,0.8402777777777778,0.8958333333333334,0.10416666666666667,23,29
FAS/XLF,FAS,XLF,50,all,4412,2009-02-02,2026-08-17,32,0.9460562103354487,238,158,1.5063291139240507,1.0,2.0,3.1500000000000057,6,110,46,2,0,335,347,0.6346328195829556,0.6645512239347234,up,144,1.1875,0.0,8.220704502503573,-34,-2.8499999999999996,0.0,1.0,4.849999999999994,45,0.6111111111111112,0.7847222222222222,0.9166666666666666,0.3125,24,30
FAS/XLF,FAS,XLF,50,post_dd20,1017,2009-02-19,2024-01-24,32,0.943952802359882,57,38,1.5,1.0,2.0,3.1499999999999986,5,27,11,0,0,69,347,0.5801376597836775,0.6283185840707964,all,61,0.6065573770491803,0.0,17.26294556608131,-60,-39.0,0.0,1.0,36.0,45,0.5573770491803278,0.7213114754098361,0.8032786885245902,0.26229508196721313,8,286
FAS/XLF,FAS,XLF,50,post_dd20,1017,2009-02-19,2024-01-24,32,0.943952802359882,57,38,1.5,1.0,2.0,3.1499999999999986,5,27,11,0,0,69,347,0.5801376597836775,0.6283185840707964,down,27,0.037037037037037035,0.0,17.82927903430733,-50,-33.5,-1.0,0.0,30.899999999999988,43,0.48148148148148145,0.7037037037037037,0.7777777777777778,0.18518518518518517,4,146
FAS/XLF,FAS,XLF,50,post_dd20,1017,2009-02-19,2024-01-24,32,0.943952802359882,57,38,1.5,1.0,2.0,3.1499999999999986,5,27,11,0,0,69,347,0.5801376597836775,0.6283185840707964,up,34,1.0588235294117647,0.0,17.055952797973568,-60,-13.649999999999995,0.0,1.0,28.699999999999953,45,0.6176470588235294,0.7352941176470589,0.8235294117647058,0.3235294117647059,4,140
FAS/XLF,FAS,XLF,100,all,4362,2009-04-15,2026-08-17,30,0.9316827143512151,298,160,1.8625,1.0,2.0,5.0,15,94,63,3,0,240,257,0.6735442457588262,0.7143512150389729,all,192,-0.7760416666666666,0.0,12.230202464080099,-58,-21.799999999999997,-1.0,1.0,8.0,52,0.4635416666666667,0.6770833333333334,0.8125,0.2760416666666667,48,65
FAS/XLF,FAS,XLF,100,all,4362,2009-04-15,2026-08-17,30,0.9316827143512151,298,160,1.8625,1.0,2.0,5.0,15,94,63,3,0,240,257,0.6735442457588262,0.7143512150389729,down,96,-1.2604166666666667,0.0,12.335865375457187,-58,-21.5,-1.0,0.0,8.0,52,0.5625,0.6979166666666666,0.8333333333333334,0.125,24,32
FAS/XLF,FAS,XLF,100,all,4362,2009-04-15,2026-08-17,30,0.9316827143512151,298,160,1.8625,1.0,2.0,5.0,15,94,63,3,0,240,257,0.6735442457588262,0.7143512150389729,up,96,-0.2916666666666667,0.0,12.168913515197273,-56,-18.0,0.0,1.0,7.25,49,0.3645833333333333,0.65625,0.7916666666666666,0.4270833333333333,24,33
FAS/XLF,FAS,XLF,100,post_dd20,951,2010-07-02,2024-01-24,30,0.9348054679284963,62,37,1.6756756756756757,1.0,2.0,4.0,5,23,14,0,0,64,257,0.4048370136698212,0.45741324921135645,all,41,1.975609756097561,0.0,23.750250319605104,-58,-45.0,-1.0,2.0,44.0,56,0.24390243902439024,0.4634146341463415,0.6585365853658537,0.4878048780487805,23,216
FAS/XLF,FAS,XLF,100,post_dd20,951,2010-07-02,2024-01-24,30,0.9348054679284963,62,37,1.6756756756756757,1.0,2.0,4.0,5,23,14,0,0,64,257,0.4048370136698212,0.45741324921135645,down,17,-1.0,0.0,27.189152248645048,-55,-47.0,-2.0,1.0,43.2,44,0.29411764705882354,0.47058823529411764,0.5294117647058824,0.29411764705882354,11,111
FAS/XLF,FAS,XLF,100,post_dd20,951,2010-07-02,2024-01-24,30,0.9348054679284963,62,37,1.6756756756756757,1.0,2.0,4.0,5,23,14,0,0,64,257,0.4048370136698212,0.45741324921135645,up,24,4.083333333333333,1.0,21.343804042730827,-58,-14.2,0.0,2.25,46.09999999999999,56,0.20833333333333334,0.4583333333333333,0.75,0.625,12,105
FAS/XLF,FAS,XLF,150,all,4312,2009-06-25,2026-08-17,30,0.9318181818181818,294,117,2.5128205128205128,1.0,3.0,8.0,19,63,44,10,0,166,175,0.6869202226345084,0.7407235621521335,all,122,-1.6147540983606556,0.0,11.005968869912314,-60,-14.0,-1.0,1.0,8.949999999999989,18,0.4426229508196721,0.6147540983606558,0.8442622950819673,0.2786885245901639,44,53
FAS/XLF,FAS,XLF,150,all,4312,2009-06-25,2026-08-17,30,0.9318181818181818,294,117,2.5128205128205128,1.0,3.0,8.0,19,63,44,10,0,166,175,0.6869202226345084,0.7407235621521335,down,61,-2.918032786885246,0.0,10.997416487471368,-60,-17.0,-1.0,0.0,2.0,13,0.5901639344262295,0.7213114754098361,0.8852459016393442,0.08196721311475409,22,26
FAS/XLF,FAS,XLF,150,all,4312,2009-06-25,2026-08-17,30,0.9318181818181818,294,117,2.5128205128205128,1.0,3.0,8.0,19,63,44,10,0,166,175,0.6869202226345084,0.7407235621521335,up,61,-0.3114754098360656,0.0,10.949187159490512,-58,-12.0,0.0,2.0,10.0,18,0.29508196721311475,0.5081967213114754,0.8032786885245902,0.47540983606557374,22,27
FAS/XLF,FAS,XLF,150,post_dd20,951,2010-07-02,2024-01-24,30,0.8990536277602523,96,31,3.096774193548387,2.0,3.5,9.5,18,14,13,4,0,39,175,0.28496319663512093,0.3669821240799159,all,33,-1.0909090909090908,0.0,15.714968255543097,-58,-29.599999999999994,-1.0,4.0,13.79999999999999,23,0.24242424242424243,0.36363636363636365,0.6363636363636364,0.48484848484848486,6,142
FAS/XLF,FAS,XLF,150,post_dd20,951,2010-07-02,2024-01-24,30,0.8990536277602523,96,31,3.096774193548387,2.0,3.5,9.5,18,14,13,4,0,39,175,0.28496319663512093,0.3669821240799159,down,12,-5.25,0.0,15.82934559033259,-53,-31.549999999999997,-3.25,0.5,4.899999999999999,6,0.3333333333333333,0.4166666666666667,0.75,0.25,4,75
FAS/XLF,FAS,XLF,150,post_dd20,951,2010-07-02,2024-01-24,30,0.8990536277602523,96,31,3.096774193548387,2.0,3.5,9.5,18,14,13,4,0,39,175,0.28496319663512093,0.3669821240799159,up,21,1.2857142857142858,1.0,15.524634801317735,-58,-12.0,0.0,9.0,18.0,23,0.19047619047619047,0.3333333333333333,0.5714285714285714,0.6190476190476191,2,67
FAS/XLF,FAS,XLF,200,all,4262,2009-09-04,2026-08-17,30,0.9331299859221023,285,114,2.5,1.0,3.0,8.0,14,58,44,12,0,134,134,0.6923979352416706,0.7470671046457062,all,90,-2.7333333333333334,0.0,12.488016727957758,-59,-19.55,-6.0,2.0,12.0,25,0.2222222222222222,0.3111111111111111,0.5777777777777777,0.3,44,44
FAS/XLF,FAS,XLF,200,all,4262,2009-09-04,2026-08-17,30,0.9331299859221023,285,114,2.5,1.0,3.0,8.0,14,58,44,12,0,134,134,0.6923979352416706,0.7470671046457062,down,45,-4.555555555555555,-1.0,12.438129710976273,-59,-19.8,-7.0,0.0,5.3999999999999915,22,0.24444444444444444,0.37777777777777777,0.6444444444444445,0.13333333333333333,22,22
FAS/XLF,FAS,XLF,200,all,4262,2009-09-04,2026-08-17,30,0.9331299859221023,285,114,2.5,1.0,3.0,8.0,14,58,44,12,0,134,134,0.6923979352416706,0.7470671046457062,up,45,-0.9111111111111111,0.0,12.407516457634244,-54,-18.8,-5.0,5.0,12.799999999999997,25,0.2,0.24444444444444444,0.5111111111111111,0.4666666666666667,22,22
FAS/XLF,FAS,XLF,200,post_dd20,951,2010-07-02,2024-01-24,30,0.8853838065194533,109,33,3.303030303030303,2.0,4.0,11.399999999999999,14,15,12,6,0,37,134,0.2113564668769716,0.3175604626708728,all,23,8.173913043478262,5.0,17.65747890455549,-39,-8.7,-0.5,21.0,38.599999999999994,40,0.17391304347826086,0.21739130434782608,0.391304347826087,0.5652173913043478,14,111
FAS/XLF,FAS,XLF,200,post_dd20,951,2010-07-02,2024-01-24,30,0.8853838065194533,109,33,3.303030303030303,2.0,4.0,11.399999999999999,14,15,12,6,0,37,134,0.2113564668769716,0.3175604626708728,down,8,3.375,0.0,22.89689623383172,-39,-28.5,-4.5,21.25,30.449999999999992,35,0.25,0.25,0.375,0.375,7,59
FAS/XLF,FAS,XLF,200,post_dd20,951,2010-07-02,2024-01-24,30,0.8853838065194533,109,33,3.303030303030303,2.0,4.0,11.399999999999999,14,15,12,6,0,37,134,0.2113564668769716,0.3175604626708728,up,15,10.733333333333333,7.0,14.40965284932622,-6,-3.1999999999999997,0.0,16.5,39.3,40,0.13333333333333333,0.2,0.4,0.6666666666666666,7,52
FAS/XLF,FAS,XLF,250,all,4212,2009-11-16,2026-08-17,30,0.9230769230769231,324,102,3.176470588235294,2.0,4.0,9.899999999999977,28,42,45,13,2,130,96,0.6804368471035138,0.7464387464387464,all,75,1.6,0.0,18.20083158183357,-53,-25.7,-4.0,5.5,38.89999999999999,53,0.14666666666666667,0.26666666666666666,0.5066666666666667,0.4266666666666667,55,21
FAS/XLF,FAS,XLF,250,all,4212,2009-11-16,2026-08-17,30,0.9230769230769231,324,102,3.176470588235294,2.0,4.0,9.899999999999977,28,42,45,13,2,130,96,0.6804368471035138,0.7464387464387464,down,38,2.4473684210526314,-0.5,18.316581423666005,-34,-22.15,-4.0,0.75,42.599999999999994,53,0.23684210526315788,0.3684210526315789,0.5526315789473685,0.2631578947368421,27,10
FAS/XLF,FAS,XLF,250,all,4212,2009-11-16,2026-08-17,30,0.9230769230769231,324,102,3.176470588235294,2.0,4.0,9.899999999999977,28,42,45,13,2,130,96,0.6804368471035138,0.7464387464387464,up,37,0.7297297297297297,1.0,18.291844947724424,-53,-32.8,-3.0,7.0,29.999999999999957,41,0.05405405405405406,0.16216216216216217,0.4594594594594595,0.5945945945945946,28,11
FAS/XLF,FAS,XLF,250,post_dd20,951,2010-07-02,2024-01-24,30,0.8853838065194533,109,34,3.2058823529411766,2.0,4.0,10.0,12,14,15,5,0,45,96,0.17139852786540483,0.277602523659306,all,30,2.2333333333333334,3.0,29.72133024049172,-47,-39.0,-31.0,26.75,43.099999999999994,53,0.03333333333333333,0.06666666666666667,0.16666666666666666,0.5333333333333333,15,66
FAS/XLF,FAS,XLF,250,post_dd20,951,2010-07-02,2024-01-24,30,0.8853838065194533,109,34,3.2058823529411766,2.0,4.0,10.0,12,14,15,5,0,45,96,0.17139852786540483,0.277602523659306,down,13,-1.6153846153846154,-4.0,33.94981212893149,-47,-42.2,-33.0,27.0,46.399999999999984,53,0.07692307692307693,0.07692307692307693,0.15384615384615385,0.38461538461538464,7,35
FAS/XLF,FAS,XLF,250,post_dd20,951,2010-07-02,2024-01-24,30,0.8853838065194533,109,34,3.2058823529411766,2.0,4.0,10.0,12,14,15,5,0,45,96,0.17139852786540483,0.277602523659306,up,17,5.176470588235294,7.0,26.747044916489486,-39,-35.0,-6.0,26.0,40.8,44,0.0,0.058823529411764705,0.17647058823529413,0.6470588235294118,8,31
LABU/XBI,LABU,XBI,20,all,2803,2015-06-24,2026-08-17,27,0.9589725294327506,115,98,1.1734693877551021,1.0,1.0,2.0,3,84,14,0,0,354,332,0.4912593649661077,0.5315733143061006,all,320,0.81875,0.0,7.010401474960289,-35,-1.0,0.0,0.0,2.0,53,0.7625,0.9,0.959375,0.13125,34,12
LABU/XBI,LABU,XBI,20,all,2803,2015-06-24,2026-08-17,27,0.9589725294327506,115,98,1.1734693877551021,1.0,1.0,2.0,3,84,14,0,0,354,332,0.4912593649661077,0.5315733143061006,down,160,0.775,0.0,6.926342024220143,-18,-1.0,0.0,0.0,0.0999999999999659,51,0.76875,0.90625,0.95625,0.05,17,6
LABU/XBI,LABU,XBI,20,all,2803,2015-06-24,2026-08-17,27,0.9589725294327506,115,98,1.1734693877551021,1.0,1.0,2.0,3,84,14,0,0,354,332,0.4912593649661077,0.5315733143061006,up,160,0.8625,0.0,7.114947946171466,-35,0.0,0.0,0.0,2.049999999999983,53,0.75625,0.89375,0.9625,0.2125,17,6
LABU/XBI,LABU,XBI,20,post_dd20,749,2015-08-20,2026-07-15,27,0.945260347129506,41,33,1.2424242424242424,1.0,1.0,2.0,3,26,7,0,0,98,332,0.48064085447263016,0.5327102803738317,all,96,-2.3229166666666665,0.0,14.566359796438444,-52,-38.25,0.0,0.0,3.25,51,0.6354166666666666,0.7708333333333334,0.875,0.17708333333333334,2,236
LABU/XBI,LABU,XBI,20,post_dd20,749,2015-08-20,2026-07-15,27,0.945260347129506,41,33,1.2424242424242424,1.0,1.0,2.0,3,26,7,0,0,98,332,0.48064085447263016,0.5327102803738317,down,47,-1.425531914893617,0.0,13.723582814061132,-50,-24.9,-0.5,0.0,2.6999999999999957,51,0.6595744680851063,0.8085106382978723,0.8723404255319149,0.0851063829787234,1,119
LABU/XBI,LABU,XBI,20,post_dd20,749,2015-08-20,2026-07-15,27,0.945260347129506,41,33,1.2424242424242424,1.0,1.0,2.0,3,26,7,0,0,98,332,0.48064085447263016,0.5327102803738317,up,49,-3.183673469387755,0.0,15.42410649679552,-52,-41.8,0.0,1.0,3.5999999999999943,43,0.6122448979591837,0.7346938775510204,0.8775510204081632,0.2653061224489796,1,117
LABU/XBI,LABU,XBI,50,all,2773,2015-08-06,2026-08-17,29,0.9347277316985214,181,129,1.4031007751937985,1.0,2.0,3.0,5,87,42,0,0,211,205,0.4882798413270826,0.5535521096285612,all,175,0.38857142857142857,0.0,16.40044454521853,-60,-27.799999999999994,-1.0,1.0,33.0,59,0.4514285714285714,0.6457142857142857,0.7828571428571428,0.28,36,30
LABU/XBI,LABU,XBI,50,all,2773,2015-08-06,2026-08-17,29,0.9347277316985214,181,129,1.4031007751937985,1.0,2.0,3.0,5,87,42,0,0,211,205,0.4882798413270826,0.5535521096285612,down,87,0.3103448275862069,0.0,16.394348391504828,-52,-24.8,-1.0,0.0,32.400000000000006,59,0.4367816091954023,0.6666666666666666,0.7931034482758621,0.13793103448275862,18,15
LABU/XBI,LABU,XBI,50,all,2773,2015-08-06,2026-08-17,29,0.9347277316985214,181,129,1.4031007751937985,1.0,2.0,3.0,5,87,42,0,0,211,205,0.4882798413270826,0.5535521096285612,up,88,0.4659090909090909,0.0,16.50005145490853,-60,-29.199999999999996,0.0,2.0,31.599999999999966,56,0.4659090909090909,0.625,0.7727272727272727,0.42045454545454547,18,15
LABU/XBI,LABU,XBI,50,post_dd20,752,2015-09-28,2026-07-15,29,0.9335106382978723,50,33,1.5151515151515151,1.0,2.0,2.0,5,19,14,0,0,54,205,0.43351063829787234,0.5,all,50,-1.62,0.0,18.30120995219403,-52,-42.05,-2.0,1.0,32.29999999999998,38,0.4,0.5,0.72,0.28,4,155
LABU/XBI,LABU,XBI,50,post_dd20,752,2015-09-28,2026-07-15,29,0.9335106382978723,50,33,1.5151515151515151,1.0,2.0,2.0,5,19,14,0,0,54,205,0.43351063829787234,0.5,down,24,-2.5833333333333335,0.0,17.785965807628916,-52,-34.5,-2.5,0.0,25.699999999999996,35,0.4166666666666667,0.4583333333333333,0.7083333333333334,0.125,2,78
LABU/XBI,LABU,XBI,50,post_dd20,752,2015-09-28,2026-07-15,29,0.9335106382978723,50,33,1.5151515151515151,1.0,2.0,2.0,5,19,14,0,0,54,205,0.43351063829787234,0.5,up,26,-0.7307692307692307,0.0,19.071565624893395,-50,-41.25,0.0,1.75,35.0,38,0.38461538461538464,0.5384615384615384,0.7307692307692307,0.4230769230769231,2,77
LABU/XBI,LABU,XBI,100,all,2723,2015-10-16,2026-08-17,24,0.8872567021667279,307,135,2.274074074074074,1.0,3.0,5.299999999999997,22,69,59,6,1,183,145,0.4700697759823724,0.5828130738156445,all,131,0.7099236641221374,0.0,19.549341342285803,-60,-36.0,-2.0,2.0,38.5,60,0.22137404580152673,0.37404580152671757,0.6717557251908397,0.3893129770992366,52,14
LABU/XBI,LABU,XBI,100,all,2723,2015-10-16,2026-08-17,24,0.8872567021667279,307,135,2.274074074074074,1.0,3.0,5.299999999999997,22,69,59,6,1,183,145,0.4700697759823724,0.5828130738156445,down,65,-1.2153846153846153,-1.0,18.93945312345065,-60,-37.4,-3.0,0.0,34.19999999999996,58,0.23076923076923078,0.4307692307692308,0.676923076923077,0.2,26,7
LABU/XBI,LABU,XBI,100,all,2723,2015-10-16,2026-08-17,24,0.8872567021667279,307,135,2.274074074074074,1.0,3.0,5.299999999999997,22,69,59,6,1,183,145,0.4700697759823724,0.5828130738156445,up,66,2.606060606060606,1.0,20.09506543934742,-56,-33.5,0.0,3.75,43.0,60,0.21212121212121213,0.3181818181818182,0.6666666666666666,0.5757575757575758,26,7
LABU/XBI,LABU,XBI,100,post_dd20,700,2016-01-11,2026-07-15,24,0.8914285714285715,76,32,2.375,1.5,3.0,5.0,15,16,15,1,0,44,145,0.3357142857142857,0.4442857142857143,all,38,0.5263157894736842,0.0,27.029250264177282,-60,-52.35,-1.0,6.5,49.499999999999986,58,0.15789473684210525,0.3157894736842105,0.5789473684210527,0.47368421052631576,6,107
LABU/XBI,LABU,XBI,100,post_dd20,700,2016-01-11,2026-07-15,24,0.8914285714285715,76,32,2.375,1.5,3.0,5.0,15,16,15,1,0,44,145,0.3357142857142857,0.4442857142857143,down,18,-0.8888888888888888,-1.0,28.188209652241003,-60,-51.5,-3.25,2.25,49.499999999999986,58,0.16666666666666666,0.4444444444444444,0.6111111111111112,0.2777777777777778,3,54
LABU/XBI,LABU,XBI,100,post_dd20,700,2016-01-11,2026-07-15,24,0.8914285714285715,76,32,2.375,1.5,3.0,5.0,15,16,15,1,0,44,145,0.3357142857142857,0.4442857142857143,up,20,1.8,2.0,26.611434028489175,-60,-51.45,0.0,9.0,42.80000000000001,58,0.15,0.2,0.55,0.65,3,53
LABU/XBI,LABU,XBI,150,all,2673,2015-12-29,2026-08-17,28,0.8413767302656191,424,115,3.6869565217391305,2.0,5.0,11.0,25,46,43,25,1,103,131,0.466142910587355,0.6247661803217359,all,70,0.2714285714285714,0.0,16.07673756342467,-33,-23.0,-10.0,9.0,23.64999999999999,60,0.02857142857142857,0.07142857142857142,0.2857142857142857,0.4857142857142857,33,61
LABU/XBI,LABU,XBI,150,all,2673,2015-12-29,2026-08-17,28,0.8413767302656191,424,115,3.6869565217391305,2.0,5.0,11.0,25,46,43,25,1,103,131,0.466142910587355,0.6247661803217359,down,35,-2.9714285714285715,-3.0,16.725263937573978,-33,-23.6,-12.0,5.0,19.19999999999999,60,0.02857142857142857,0.08571428571428572,0.2857142857142857,0.2857142857142857,16,30
LABU/XBI,LABU,XBI,150,all,2673,2015-12-29,2026-08-17,28,0.8413767302656191,424,115,3.6869565217391305,2.0,5.0,11.0,25,46,43,25,1,103,131,0.466142910587355,0.6247661803217359,up,35,3.5142857142857142,3.0,14.9378544576629,-31,-17.3,-6.5,11.5,25.599999999999994,49,0.02857142857142857,0.05714285714285714,0.2857142857142857,0.6857142857142857,17,31
LABU/XBI,LABU,XBI,150,post_dd20,746,2016-01-11,2026-07-15,28,0.824396782841823,131,38,3.4473684210526314,1.5,5.0,10.149999999999999,12,19,10,9,0,31,131,0.28418230563002683,0.4597855227882037,all,25,-0.72,0.0,14.028304720575944,-23,-22.2,-12.0,9.0,21.19999999999999,27,0.04,0.12,0.2,0.48,6,106
LABU/XBI,LABU,XBI,150,post_dd20,746,2016-01-11,2026-07-15,28,0.824396782841823,131,38,3.4473684210526314,1.5,5.0,10.149999999999999,12,19,10,9,0,31,131,0.28418230563002683,0.4597855227882037,down,11,-5.818181818181818,-10.0,14.510811016743219,-23,-23.0,-16.5,4.0,15.5,22,0.0,0.09090909090909091,0.18181818181818182,0.2727272727272727,3,54
LABU/XBI,LABU,XBI,150,post_dd20,746,2016-01-11,2026-07-15,28,0.824396782841823,131,38,3.4473684210526314,1.5,5.0,10.149999999999999,12,19,10,9,0,31,131,0.28418230563002683,0.4597855227882037,up,14,3.2857142857142856,4.5,12.730511932594622,-18,-14.75,-6.0,11.75,21.15,27,0.07142857142857142,0.14285714285714285,0.21428571428571427,0.6428571428571429,3,52
LABU/XBI,LABU,XBI,200,all,2623,2016-03-11,2026-08-17,20,0.8532215020968357,385,82,4.695121951219512,3.0,7.0,13.950000000000003,26,32,25,23,2,85,83,0.4670224933282501,0.6138009912314144,all,31,-1.1290322580645162,-1.0,9.37991448249528,-22,-17.5,-7.0,4.5,14.5,17,0.06451612903225806,0.12903225806451613,0.45161290322580644,0.41935483870967744,54,52
LABU/XBI,LABU,XBI,200,all,2623,2016-03-11,2026-08-17,20,0.8532215020968357,385,82,4.695121951219512,3.0,7.0,13.950000000000003,26,32,25,23,2,85,83,0.4670224933282501,0.6138009912314144,down,15,-5.533333333333333,-5.0,6.749250399294795,-18,-17.3,-8.5,-2.0,2.6999999999999904,9,0.13333333333333333,0.2,0.4666666666666667,0.06666666666666667,27,26
LABU/XBI,LABU,XBI,200,all,2623,2016-03-11,2026-08-17,20,0.8532215020968357,385,82,4.695121951219512,3.0,7.0,13.950000000000003,26,32,25,23,2,85,83,0.4670224933282501,0.6138009912314144,up,16,3.0,3.5,9.791152468768253,-22,-11.5,0.0,7.75,16.25,17,0.0,0.0625,0.4375,0.75,27,26
LABU/XBI,LABU,XBI,200,post_dd20,555,2016-11-03,2026-07-15,20,0.7315315315315315,149,27,5.518518518518518,4.0,7.0,13.099999999999998,26,7,9,10,1,34,83,0.27387387387387385,0.5423423423423424,all,10,1.2,2.5,9.461031186456955,-17,-12.5,-3.75,6.5,13.399999999999991,17,0.0,0.0,0.5,0.6,24,73
LABU/XBI,LABU,XBI,200,post_dd20,555,2016-11-03,2026-07-15,20,0.7315315315315315,149,27,5.518518518518518,4.0,7.0,13.099999999999998,26,7,9,10,1,34,83,0.27387387387387385,0.5423423423423424,down,4,-3.75,-3.5,10.626225419530053,-17,-15.05,-7.25,0.0,7.199999999999996,9,0.0,0.0,0.5,0.25,12,37
LABU/XBI,LABU,XBI,200,post_dd20,555,2016-11-03,2026-07-15,20,0.7315315315315315,149,27,5.518518518518518,4.0,7.0,13.099999999999998,26,7,9,10,1,34,83,0.27387387387387385,0.5423423423423424,up,6,4.5,4.0,7.791020472312982,-7,-4.75,2.25,6.5,14.5,17,0.0,0.0,0.5,0.8333333333333334,12,36
LABU/XBI,LABU,XBI,250,all,2573,2016-05-23,2026-08-17,20,0.8523124757092888,380,82,4.634146341463414,2.0,5.0,17.900000000000006,37,34,30,14,4,93,73,0.4640497473766032,0.6117372716673144,all,41,-3.4634146341463414,-3.0,19.976357977588922,-43,-39.0,-10.0,7.0,21.0,58,0.024390243902439025,0.0975609756097561,0.2682926829268293,0.3902439024390244,52,32
LABU/XBI,LABU,XBI,250,all,2573,2016-05-23,2026-08-17,20,0.8523124757092888,380,82,4.634146341463414,2.0,5.0,17.900000000000006,37,34,30,14,4,93,73,0.4640497473766032,0.6117372716673144,down,21,-3.3333333333333335,-3.0,22.096002655080703,-43,-39.0,-9.0,6.0,25.0,58,0.0,0.14285714285714285,0.3333333333333333,0.2857142857142857,25,15
LABU/XBI,LABU,XBI,250,all,2573,2016-05-23,2026-08-17,20,0.8523124757092888,380,82,4.634146341463414,2.0,5.0,17.900000000000006,37,34,30,14,4,93,73,0.4640497473766032,0.6117372716673144,up,20,-3.6,1.5,18.059550615146897,-41,-37.2,-11.0,7.25,18.150000000000002,21,0.05,0.05,0.2,0.5,27,17
LABU/XBI,LABU,XBI,250,post_dd20,555,2016-11-03,2026-07-15,20,0.7495495495495496,139,27,5.148148148148148,2.0,7.0,16.799999999999997,25,11,7,8,1,40,73,0.2882882882882883,0.5387387387387388,all,13,-5.923076923076923,-3.0,27.442247048609616,-39,-37.8,-31.0,7.0,33.99999999999994,58,0.07692307692307693,0.07692307692307693,0.15384615384615385,0.38461538461538464,27,60
LABU/XBI,LABU,XBI,250,post_dd20,555,2016-11-03,2026-07-15,20,0.7495495495495496,139,27,5.148148148148148,2.0,7.0,16.799999999999997,25,11,7,8,1,40,73,0.2882882882882883,0.5387387387387388,down,6,-5.333333333333333,-13.0,36.0259165971758,-39,-37.75,-31.25,6.0,45.75,58,0.0,0.0,0.16666666666666666,0.3333333333333333,13,30
LABU/XBI,LABU,XBI,250,post_dd20,555,2016-11-03,2026-07-15,20,0.7495495495495496,139,27,5.148148148148148,2.0,7.0,16.799999999999997,25,11,7,8,1,40,73,0.2882882882882883,0.5387387387387388,up,7,-6.428571428571429,0.0,20.590103956813355,-37,-35.2,-20.0,7.0,14.699999999999992,18,0.14285714285714285,0.14285714285714285,0.14285714285714285,0.42857142857142855,14,30
QLD/QQQ,QLD,QQQ,20,all,5051,2006-07-19,2026-08-17,27,0.9813898237972679,94,85,1.1058823529411765,1.0,1.0,2.0,2,76,9,0,0,559,559,0.6392793506236388,0.6574935656305682,all,529,0.31947069943289225,0.0,4.207454030204015,-16,0.0,0.0,0.0,1.0,60,0.8960302457466919,0.9810964083175804,0.9886578449905482,0.06994328922495274,30,30
QLD/QQQ,QLD,QQQ,20,all,5051,2006-07-19,2026-08-17,27,0.9813898237972679,94,85,1.1058823529411765,1.0,1.0,2.0,2,76,9,0,0,559,559,0.6392793506236388,0.6574935656305682,down,264,0.21212121212121213,0.0,4.148443847742829,-16,-1.0,0.0,0.0,0.0,58,0.9318181818181818,0.9848484848484849,0.9886363636363636,0.007575757575757576,15,15
QLD/QQQ,QLD,QQQ,20,all,5051,2006-07-19,2026-08-17,27,0.9813898237972679,94,85,1.1058823529411765,1.0,1.0,2.0,2,76,9,0,0,559,559,0.6392793506236388,0.6574935656305682,up,265,0.42641509433962266,0.0,4.27058965055268,-14,0.0,0.0,0.0,1.0,60,0.8603773584905661,0.9773584905660377,0.9886792452830189,0.1320754716981132,15,15
QLD/QQQ,QLD,QQQ,20,post_dd20,772,2008-02-05,2025-07-01,27,0.9805699481865285,15,13,1.1538461538461537,1.0,1.0,2.0,2,11,2,0,0,54,559,0.6101036269430051,0.6295336787564767,all,52,-2.576923076923077,0.0,14.770593671404392,-48,-39.25,0.0,0.0,1.0,60,0.75,0.8653846153846154,0.8846153846153846,0.09615384615384616,2,507
QLD/QQQ,QLD,QQQ,20,post_dd20,772,2008-02-05,2025-07-01,27,0.9805699481865285,15,13,1.1538461538461537,1.0,1.0,2.0,2,11,2,0,0,54,559,0.6101036269430051,0.6295336787564767,down,24,-4.916666666666667,0.0,13.302228210428463,-48,-39.3,-0.25,0.0,0.0,0,0.75,0.8333333333333334,0.875,0.0,1,255
QLD/QQQ,QLD,QQQ,20,post_dd20,772,2008-02-05,2025-07-01,27,0.9805699481865285,15,13,1.1538461538461537,1.0,1.0,2.0,2,11,2,0,0,54,559,0.6101036269430051,0.6295336787564767,up,28,-0.5714285714285714,0.0,15.884836868159596,-43,-24.049999999999997,0.0,0.0,1.0,60,0.75,0.8928571428571429,0.8928571428571429,0.17857142857142858,1,252
QLD/QQQ,QLD,QQQ,50,all,5021,2006-08-30,2026-08-17,27,0.9753037243576976,124,107,1.158878504672897,1.0,1.0,2.0,3,91,16,0,0,320,344,0.6805417247560247,0.7052380003983271,all,300,0.07,0.0,5.259019962873279,-35,-1.0,0.0,0.0,1.0,44,0.75,0.9333333333333333,0.9566666666666667,0.12333333333333334,20,44
QLD/QQQ,QLD,QQQ,50,all,5021,2006-08-30,2026-08-17,27,0.9753037243576976,124,107,1.158878504672897,1.0,1.0,2.0,3,91,16,0,0,320,344,0.6805417247560247,0.7052380003983271,down,150,-0.20666666666666667,0.0,5.2421839122661815,-35,-1.0,0.0,0.0,0.0,42,0.7533333333333333,0.94,0.9533333333333334,0.02,10,22
QLD/QQQ,QLD,QQQ,50,all,5021,2006-08-30,2026-08-17,27,0.9753037243576976,124,107,1.158878504672897,1.0,1.0,2.0,3,91,16,0,0,320,344,0.6805417247560247,0.7052380003983271,up,150,0.3466666666666667,0.0,5.278787061547692,-33,0.0,0.0,0.0,1.0,44,0.7466666666666667,0.9266666666666666,0.96,0.22666666666666666,10,22
QLD/QQQ,QLD,QQQ,50,post_dd20,772,2008-02-05,2025-07-01,27,0.9715025906735751,22,17,1.2941176470588236,1.0,2.0,2.0,2,12,5,0,0,26,344,0.5531088082901554,0.5816062176165803,all,25,-1.2,0.0,16.283938917432312,-44,-34.599999999999994,0.0,1.0,2.0,51,0.56,0.8,0.88,0.28,1,319
QLD/QQQ,QLD,QQQ,50,post_dd20,772,2008-02-05,2025-07-01,27,0.9715025906735751,22,17,1.2941176470588236,1.0,2.0,2.0,2,12,5,0,0,26,344,0.5531088082901554,0.5816062176165803,down,10,0.5,0.0,22.451181607112698,-44,-24.65,-0.75,0.0,28.049999999999947,51,0.6,0.8,0.8,0.1,0,162
QLD/QQQ,QLD,QQQ,50,post_dd20,772,2008-02-05,2025-07-01,27,0.9715025906735751,22,17,1.2941176470588236,1.0,2.0,2.0,2,12,5,0,0,26,344,0.5531088082901554,0.5816062176165803,up,15,-2.3333333333333335,0.0,11.273652384885658,-43,-12.899999999999997,0.0,1.0,2.0,2,0.5333333333333333,0.8,0.9333333333333333,0.4,1,157
QLD/QQQ,QLD,QQQ,100,all,4971,2006-11-09,2026-08-17,27,0.9688191510762422,155,113,1.3716814159292035,1.0,1.0,3.0,5,85,28,0,0,226,220,0.7268155300744317,0.7579963789981895,all,184,0.1358695652173913,0.0,8.597751409198175,-47,-1.8499999999999996,0.0,0.0,3.0,58,0.5978260869565217,0.8532608695652174,0.9239130434782609,0.20652173913043478,42,36
QLD/QQQ,QLD,QQQ,100,all,4971,2006-11-09,2026-08-17,27,0.9688191510762422,155,113,1.3716814159292035,1.0,1.0,3.0,5,85,28,0,0,226,220,0.7268155300744317,0.7579963789981895,down,92,-0.41304347826086957,0.0,8.525530081052088,-47,-2.0,-1.0,0.0,0.0,56,0.5978260869565217,0.8804347826086957,0.9239130434782609,0.043478260869565216,21,18
QLD/QQQ,QLD,QQQ,100,all,4971,2006-11-09,2026-08-17,27,0.9688191510762422,155,113,1.3716814159292035,1.0,1.0,3.0,5,85,28,0,0,226,220,0.7268155300744317,0.7579963789981895,up,92,0.6847826086956522,0.0,8.681076233256238,-45,0.0,0.0,1.0,3.9000000000000057,58,0.5978260869565217,0.8260869565217391,0.9239130434782609,0.3695652173913043,21,18
QLD/QQQ,QLD,QQQ,100,post_dd20,772,2008-02-05,2025-07-01,27,0.9507772020725389,38,21,1.8095238095238095,1.0,2.0,5.0,5,13,8,0,0,25,220,0.45466321243523317,0.5038860103626943,all,22,-8.5,0.5,21.55336676827124,-60,-52.95,-1.0,1.0,7.849999999999998,16,0.18181818181818182,0.5454545454545454,0.6818181818181818,0.5,3,198
QLD/QQQ,QLD,QQQ,100,post_dd20,772,2008-02-05,2025-07-01,27,0.9507772020725389,38,21,1.8095238095238095,1.0,2.0,5.0,5,13,8,0,0,25,220,0.45466321243523317,0.5038860103626943,down,9,-15.11111111111111,-1.0,25.53157087041671,-60,-56.8,-30.0,0.0,4.799999999999997,8,0.3333333333333333,0.5555555555555556,0.5555555555555556,0.1111111111111111,1,101
QLD/QQQ,QLD,QQQ,100,post_dd20,772,2008-02-05,2025-07-01,27,0.9507772020725389,38,21,1.8095238095238095,1.0,2.0,5.0,5,13,8,0,0,25,220,0.45466321243523317,0.5038860103626943,up,13,-3.923076923076923,1.0,17.969703848707592,-53,-39.8,1.0,3.0,9.399999999999984,16,0.07692307692307693,0.5384615384615384,0.7692307692307693,0.7692307692307693,2,97
QLD/QQQ,QLD,QQQ,150,all,4921,2007-01-25,2026-08-17,27,0.9554968502336924,219,115,1.9043478260869566,1.0,2.5,4.299999999999997,9,61,52,2,0,126,182,0.7581792318634424,0.80268238162975,all,112,2.0625,0.0,10.660427158759033,-19,-9.0,-1.0,2.0,25.899999999999977,52,0.3482142857142857,0.5357142857142857,0.7857142857142857,0.38392857142857145,14,70
QLD/QQQ,QLD,QQQ,150,all,4921,2007-01-25,2026-08-17,27,0.9554968502336924,219,115,1.9043478260869566,1.0,2.5,4.299999999999997,9,61,52,2,0,126,182,0.7581792318634424,0.80268238162975,down,56,0.75,0.0,10.530043598286674,-19,-9.5,-2.0,0.0,22.5,50,0.48214285714285715,0.6071428571428571,0.8035714285714286,0.10714285714285714,7,35
QLD/QQQ,QLD,QQQ,150,all,4921,2007-01-25,2026-08-17,27,0.9554968502336924,219,115,1.9043478260869566,1.0,2.5,4.299999999999997,9,61,52,2,0,126,182,0.7581792318634424,0.80268238162975,up,56,3.375,1.0,10.722215680115239,-13,-7.25,0.0,3.0,26.75,52,0.21428571428571427,0.4642857142857143,0.7678571428571429,0.6607142857142857,7,35
QLD/QQQ,QLD,QQQ,150,post_dd20,772,2008-02-05,2025-07-01,27,0.9352331606217616,50,19,2.6315789473684212,3.0,3.0,5.3999999999999915,9,8,10,1,0,15,182,0.41580310880829013,0.4805699481865285,all,10,-2.0,3.0,17.13346303452853,-50,-27.5,0.25,3.0,8.549999999999999,9,0.2,0.3,0.7,0.7,5,172
QLD/QQQ,QLD,QQQ,150,post_dd20,772,2008-02-05,2025-07-01,27,0.9352331606217616,50,19,2.6315789473684212,3.0,3.0,5.3999999999999915,9,8,10,1,0,15,182,0.41580310880829013,0.4805699481865285,down,3,-15.666666666666666,0.0,29.771350881902105,-50,-45.0,-25.0,1.5,2.6999999999999997,3,0.3333333333333333,0.3333333333333333,0.6666666666666666,0.3333333333333333,2,88
QLD/QQQ,QLD,QQQ,150,post_dd20,772,2008-02-05,2025-07-01,27,0.9352331606217616,50,19,2.6315789473684212,3.0,3.0,5.3999999999999915,9,8,10,1,0,15,182,0.41580310880829013,0.4805699481865285,up,7,3.857142857142857,3.0,3.38765264987284,0,0.30000000000000004,2.0,5.5,8.7,9,0.14285714285714285,0.2857142857142857,0.7142857142857143,0.8571428571428571,3,84
QLD/QQQ,QLD,QQQ,200,all,4871,2007-04-09,2026-08-17,27,0.9568877027304455,210,94,2.234042553191489,2.0,3.0,6.349999999999994,14,45,43,6,0,118,114,0.766577704783412,0.8096900020529665,all,84,-1.5,0.0,10.314920763701764,-35,-22.4,-2.0,1.0,9.0,26,0.2619047619047619,0.47619047619047616,0.7261904761904762,0.34523809523809523,34,30
QLD/QQQ,QLD,QQQ,200,all,4871,2007-04-09,2026-08-17,27,0.9568877027304455,210,94,2.234042553191489,2.0,3.0,6.349999999999994,14,45,43,6,0,118,114,0.766577704783412,0.8096900020529665,down,42,-2.7142857142857144,-1.0,9.961598741033084,-35,-22.7,-3.0,0.0,8.849999999999987,20,0.2619047619047619,0.47619047619047616,0.7380952380952381,0.11904761904761904,17,15
QLD/QQQ,QLD,QQQ,200,all,4871,2007-04-09,2026-08-17,27,0.9568877027304455,210,94,2.234042553191489,2.0,3.0,6.349999999999994,14,45,43,6,0,118,114,0.766577704783412,0.8096900020529665,up,42,-0.2857142857142857,1.0,10.636535549780396,-33,-18.799999999999997,0.0,3.0,9.0,26,0.2619047619047619,0.47619047619047616,0.7142857142857143,0.5714285714285714,17,15
QLD/QQQ,QLD,QQQ,200,post_dd20,772,2008-02-05,2025-07-01,27,0.927461139896373,56,20,2.8,1.5,3.0,6.400000000000006,14,10,8,2,0,25,114,0.4106217616580311,0.483160621761658,all,20,-7.25,0.0,26.030093919801445,-59,-59.0,-15.0,3.5,11.400000000000034,57,0.1,0.2,0.4,0.45,5,94
QLD/QQQ,QLD,QQQ,200,post_dd20,772,2008-02-05,2025-07-01,27,0.927461139896373,56,20,2.8,1.5,3.0,6.400000000000006,14,10,8,2,0,25,114,0.4106217616580311,0.483160621761658,down,9,-7.222222222222222,-3.0,33.788969271708254,-59,-55.0,-15.0,6.0,37.79999999999998,57,0.1111111111111111,0.1111111111111111,0.2222222222222222,0.3333333333333333,1,48
QLD/QQQ,QLD,QQQ,200,post_dd20,772,2008-02-05,2025-07-01,27,0.927461139896373,56,20,2.8,1.5,3.0,6.400000000000006,14,10,8,2,0,25,114,0.4106217616580311,0.483160621761658,up,11,-7.2727272727272725,1.0,19.339549679818862,-59,-40.0,-11.0,3.0,7.0,9,0.09090909090909091,0.2727272727272727,0.5454545454545454,0.5454545454545454,4,46
QLD/QQQ,QLD,QQQ,250,all,4821,2007-06-19,2026-08-17,27,0.9508400746733043,237,86,2.755813953488372,2.0,3.0,6.75,31,36,43,6,1,106,94,0.7732835511304709,0.8224434764571665,all,78,1.2820512820512822,0.0,13.227183183065659,-39,-22.15,-1.75,4.75,24.14999999999999,40,0.1794871794871795,0.34615384615384615,0.6538461538461539,0.48717948717948717,28,16
QLD/QQQ,QLD,QQQ,250,all,4821,2007-06-19,2026-08-17,27,0.9508400746733043,237,86,2.755813953488372,2.0,3.0,6.75,31,36,43,6,1,106,94,0.7732835511304709,0.8224434764571665,down,39,-1.1794871794871795,-1.0,13.174680251531512,-39,-24.4,-2.0,0.0,18.400000000000006,36,0.28205128205128205,0.4358974358974359,0.717948717948718,0.20512820512820512,14,8
QLD/QQQ,QLD,QQQ,250,all,4821,2007-06-19,2026-08-17,27,0.9508400746733043,237,86,2.755813953488372,2.0,3.0,6.75,31,36,43,6,1,106,94,0.7732835511304709,0.8224434764571665,up,39,3.7435897435897436,3.0,12.98119682406654,-36,-15.2,1.0,6.5,25.60000000000001,40,0.07692307692307693,0.2564102564102564,0.5897435897435898,0.7692307692307693,14,8
QLD/QQQ,QLD,QQQ,250,post_dd20,772,2008-02-05,2025-07-01,27,0.9067357512953368,72,22,3.272727272727273,2.5,3.75,9.799999999999997,12,6,13,3,0,17,94,0.4326424870466321,0.5259067357512953,all,16,-0.25,1.0,15.022205785658333,-42,-21.75,-4.0,6.25,19.5,24,0.0625,0.1875,0.5,0.5625,1,78
QLD/QQQ,QLD,QQQ,250,post_dd20,772,2008-02-05,2025-07-01,27,0.9067357512953368,72,22,3.272727272727273,2.5,3.75,9.799999999999997,12,6,13,3,0,17,94,0.4326424870466321,0.5259067357512953,down,6,-6.833333333333333,-2.5,19.823386861650725,-42,-34.5,-9.75,-0.5,13.5,18,0.16666666666666666,0.16666666666666666,0.5,0.16666666666666666,0,41
QLD/QQQ,QLD,QQQ,250,post_dd20,772,2008-02-05,2025-07-01,27,0.9067357512953368,72,22,3.272727272727273,2.5,3.75,9.799999999999997,12,6,13,3,0,17,94,0.4326424870466321,0.5259067357512953,up,10,3.7,3.0,10.56251232740898,-15,-11.4,1.0,8.75,18.599999999999987,24,0.0,0.2,0.5,0.8,1,37
SOXL/SMH,SOXL,SMH,20,all,4115,2010-04-08,2026-08-17,34,0.9336573511543135,273,204,1.338235294117647,1.0,1.0,3.0,7,156,47,1,0,528,548,0.587363304981774,0.6308626974483597,all,492,0.35772357723577236,0.0,10.404550219772933,-53,-6.349999999999998,0.0,0.0,7.449999999999989,59,0.676829268292683,0.8252032520325203,0.8943089430894309,0.18292682926829268,36,56
SOXL/SMH,SOXL,SMH,20,all,4115,2010-04-08,2026-08-17,34,0.9336573511543135,273,204,1.338235294117647,1.0,1.0,3.0,7,156,47,1,0,528,548,0.587363304981774,0.6308626974483597,down,246,-0.11382113821138211,0.0,10.359027022337115,-53,-8.75,0.0,0.0,4.0,57,0.6788617886178862,0.8292682926829268,0.8943089430894309,0.12601626016260162,18,28
SOXL/SMH,SOXL,SMH,20,all,4115,2010-04-08,2026-08-17,34,0.9336573511543135,273,204,1.338235294117647,1.0,1.0,3.0,7,156,47,1,0,528,548,0.587363304981774,0.6308626974483597,up,246,0.8292682926829268,0.0,10.449651740763203,-51,-4.5,0.0,0.0,8.0,59,0.6747967479674797,0.8211382113821138,0.8943089430894309,0.23983739837398374,18,28
SOXL/SMH,SOXL,SMH,20,post_dd20,874,2010-08-31,2026-08-17,34,0.9279176201372997,63,44,1.4318181818181819,1.0,2.0,3.0,4,30,14,0,0,110,548,0.5423340961098398,0.6052631578947368,all,110,-0.12727272727272726,0.0,14.282926929311678,-51,-24.1,0.0,0.0,21.249999999999957,50,0.6,0.7090909090909091,0.7727272727272727,0.22727272727272727,0,438
SOXL/SMH,SOXL,SMH,20,post_dd20,874,2010-08-31,2026-08-17,34,0.9279176201372997,63,44,1.4318181818181819,1.0,2.0,3.0,4,30,14,0,0,110,548,0.5423340961098398,0.6052631578947368,down,52,-0.25,0.0,14.636611361816735,-42,-23.9,0.0,0.0,19.199999999999932,50,0.5961538461538461,0.7307692307692307,0.7692307692307693,0.17307692307692307,0,222
SOXL/SMH,SOXL,SMH,20,post_dd20,874,2010-08-31,2026-08-17,34,0.9279176201372997,63,44,1.4318181818181819,1.0,2.0,3.0,4,30,14,0,0,110,548,0.5423340961098398,0.6052631578947368,up,58,-0.017241379310344827,0.0,14.085567304570699,-51,-20.799999999999997,0.0,1.0,15.699999999999974,49,0.603448275862069,0.6896551724137931,0.7758620689655172,0.27586206896551724,0,216
SOXL/SMH,SOXL,SMH,50,all,4085,2010-05-20,2026-08-17,33,0.9143206854345165,350,194,1.8041237113402062,1.0,2.0,5.0,8,118,69,7,0,329,258,0.610281517747858,0.6817625458996328,all,236,-0.7923728813559322,0.0,11.314239995947574,-52,-27.0,-1.0,1.0,16.25,34,0.423728813559322,0.6567796610169492,0.7966101694915254,0.3220338983050847,93,22
SOXL/SMH,SOXL,SMH,50,all,4085,2010-05-20,2026-08-17,33,0.9143206854345165,350,194,1.8041237113402062,1.0,2.0,5.0,8,118,69,7,0,329,258,0.610281517747858,0.6817625458996328,down,118,-1.7457627118644068,0.0,11.337997864135657,-52,-27.749999999999996,-1.0,0.0,15.149999999999991,30,0.4830508474576271,0.6949152542372882,0.8135593220338984,0.13559322033898305,46,11
SOXL/SMH,SOXL,SMH,50,all,4085,2010-05-20,2026-08-17,33,0.9143206854345165,350,194,1.8041237113402062,1.0,2.0,5.0,8,118,69,7,0,329,258,0.610281517747858,0.6817625458996328,up,118,0.16101694915254236,1.0,11.257643434978387,-46,-25.299999999999997,0.0,2.0,17.449999999999974,34,0.3644067796610169,0.6186440677966102,0.7796610169491526,0.5084745762711864,47,11
SOXL/SMH,SOXL,SMH,50,post_dd20,814,2011-08-05,2026-08-17,33,0.8906633906633906,89,40,2.225,2.0,3.0,5.049999999999997,7,18,20,2,0,52,258,0.4262899262899263,0.5356265356265356,all,46,-1.173913043478261,0.5,25.11069214305694,-58,-54.0,-2.0,5.75,43.75,58,0.15217391304347827,0.2826086956521739,0.5217391304347826,0.5,6,212
SOXL/SMH,SOXL,SMH,50,post_dd20,814,2011-08-05,2026-08-17,33,0.8906633906633906,89,40,2.225,2.0,3.0,5.049999999999997,7,18,20,2,0,52,258,0.4262899262899263,0.5356265356265356,down,21,-3.5714285714285716,-1.0,28.338262876491612,-58,-56.0,-7.0,3.0,46.0,58,0.14285714285714285,0.2857142857142857,0.47619047619047616,0.2857142857142857,2,108
SOXL/SMH,SOXL,SMH,50,post_dd20,814,2011-08-05,2026-08-17,33,0.8906633906633906,89,40,2.225,2.0,3.0,5.049999999999997,7,18,20,2,0,52,258,0.4262899262899263,0.5356265356265356,up,25,0.84,2.0,22.4456380320691,-56,-45.8,0.0,6.0,35.39999999999998,49,0.16,0.28,0.56,0.68,4,104
SOXL/SMH,SOXL,SMH,100,all,4035,2010-08-02,2026-08-17,33,0.8889714993804213,448,162,2.765432098765432,2.0,3.0,8.949999999999989,19,79,62,21,0,179,206,0.6505576208178439,0.7576208178438661,all,128,0.375,0.0,14.915510079943022,-60,-23.0,-2.0,2.0,26.949999999999974,54,0.2421875,0.4453125,0.6875,0.3984375,51,78
SOXL/SMH,SOXL,SMH,100,all,4035,2010-08-02,2026-08-17,33,0.8889714993804213,448,162,2.765432098765432,2.0,3.0,8.949999999999989,19,79,62,21,0,179,206,0.6505576208178439,0.7576208178438661,down,63,-1.126984126984127,-1.0,13.808006166937918,-44,-22.6,-3.0,0.0,24.699999999999996,48,0.3333333333333333,0.5555555555555556,0.7301587301587301,0.12698412698412698,26,40
SOXL/SMH,SOXL,SMH,100,all,4035,2010-08-02,2026-08-17,33,0.8889714993804213,448,162,2.765432098765432,2.0,3.0,8.949999999999989,19,79,62,21,0,179,206,0.6505576208178439,0.7576208178438661,up,65,1.8307692307692307,1.0,15.886874722913204,-60,-22.0,0.0,3.0,27.999999999999986,54,0.15384615384615385,0.3384615384615385,0.6461538461538462,0.6615384615384615,25,38
SOXL/SMH,SOXL,SMH,100,post_dd20,814,2011-08-05,2026-08-17,33,0.8218673218673219,145,33,4.393939393939394,2.0,5.0,15.399999999999991,19,13,12,8,0,38,206,0.3095823095823096,0.4877149877149877,all,24,1.7083333333333333,1.5,19.268083920593,-46,-30.25,-2.25,9.0,34.599999999999966,41,0.08333333333333333,0.20833333333333334,0.4583333333333333,0.5416666666666666,14,182
SOXL/SMH,SOXL,SMH,100,post_dd20,814,2011-08-05,2026-08-17,33,0.8218673218673219,145,33,4.393939393939394,2.0,5.0,15.399999999999991,19,13,12,8,0,38,206,0.3095823095823096,0.4877149877149877,down,10,-5.1,-1.5,24.74963523861401,-46,-39.25,-20.25,-0.25,30.649999999999977,41,0.1,0.3,0.5,0.2,6,93
SOXL/SMH,SOXL,SMH,100,post_dd20,814,2011-08-05,2026-08-17,33,0.8218673218673219,145,33,4.393939393939394,2.0,5.0,15.399999999999991,19,13,12,8,0,38,206,0.3095823095823096,0.4877149877149877,up,14,6.571428571428571,4.0,13.101463721598119,-18,-10.85,1.25,11.0,26.599999999999994,37,0.07142857142857142,0.14285714285714285,0.42857142857142855,0.7857142857142857,8,89
SOXL/SMH,SOXL,SMH,150,all,3985,2010-10-12,2026-08-17,33,0.8803011292346299,477,118,4.0423728813559325,2.0,5.0,13.299999999999983,41,42,56,16,4,128,125,0.6652446675031367,0.7849435382685069,all,78,0.6538461538461539,0.0,16.825172022490992,-45,-30.3,-3.0,5.0,30.449999999999974,42,0.11538461538461539,0.2564102564102564,0.5512820512820513,0.4358974358974359,50,47
SOXL/SMH,SOXL,SMH,150,all,3985,2010-10-12,2026-08-17,33,0.8803011292346299,477,118,4.0423728813559325,2.0,5.0,13.299999999999983,41,42,56,16,4,128,125,0.6652446675031367,0.7849435382685069,down,39,-2.128205128205128,-1.0,15.775029380537301,-45,-30.599999999999998,-4.5,0.0,26.200000000000003,39,0.15384615384615385,0.358974358974359,0.6410256410256411,0.1794871794871795,25,23
SOXL/SMH,SOXL,SMH,150,all,3985,2010-10-12,2026-08-17,33,0.8803011292346299,477,118,4.0423728813559325,2.0,5.0,13.299999999999983,41,42,56,16,4,128,125,0.6652446675031367,0.7849435382685069,up,39,3.4358974358974357,2.0,17.575094327507397,-42,-28.4,0.0,7.0,33.50000000000001,42,0.07692307692307693,0.15384615384615385,0.46153846153846156,0.6923076923076923,25,24
SOXL/SMH,SOXL,SMH,150,post_dd20,814,2011-08-05,2026-08-17,33,0.7911547911547911,170,27,6.296296296296297,2.0,5.0,27.599999999999987,41,7,14,4,2,41,125,0.2714987714987715,0.48034398034398035,all,21,-0.047619047619047616,2.0,25.405661161395095,-36,-33.0,-28.0,18.0,39.0,42,0.0,0.047619047619047616,0.2857142857142857,0.5238095238095238,20,104
SOXL/SMH,SOXL,SMH,150,post_dd20,814,2011-08-05,2026-08-17,33,0.7911547911547911,170,27,6.296296296296297,2.0,5.0,27.599999999999987,41,7,14,4,2,41,125,0.2714987714987715,0.48034398034398035,down,9,-5.888888888888889,-2.0,24.957185560697965,-36,-34.8,-30.0,4.0,30.599999999999994,39,0.0,0.1111111111111111,0.3333333333333333,0.3333333333333333,10,53
SOXL/SMH,SOXL,SMH,150,post_dd20,814,2011-08-05,2026-08-17,33,0.7911547911547911,170,27,6.296296296296297,2.0,5.0,27.599999999999987,41,7,14,4,2,41,125,0.2714987714987715,0.48034398034398035,up,12,4.333333333333333,4.0,25.91711731070741,-33,-32.45,-11.5,29.25,37.05,42,0.0,0.0,0.25,0.6666666666666666,10,51
SOXL/SMH,SOXL,SMH,200,all,3935,2010-12-22,2026-08-17,33,0.8686149936467599,517,103,5.019417475728155,2.0,5.0,14.799999999999983,72,34,46,19,4,100,110,0.6698856416772554,0.8012706480304955,all,67,4.985074626865671,1.0,19.73344533443346,-41,-14.0,-6.0,10.0,47.49999999999998,60,0.029850746268656716,0.16417910447761194,0.43283582089552236,0.5074626865671642,33,43
SOXL/SMH,SOXL,SMH,200,all,3935,2010-12-22,2026-08-17,33,0.8686149936467599,517,103,5.019417475728155,2.0,5.0,14.799999999999983,72,34,46,19,4,100,110,0.6698856416772554,0.8012706480304955,down,33,0.7878787878787878,-3.0,18.612424572979428,-41,-14.8,-8.0,0.0,43.4,56,0.030303030303030304,0.15151515151515152,0.45454545454545453,0.24242424242424243,17,22
SOXL/SMH,SOXL,SMH,200,all,3935,2010-12-22,2026-08-17,33,0.8686149936467599,517,103,5.019417475728155,2.0,5.0,14.799999999999983,72,34,46,19,4,100,110,0.6698856416772554,0.8012706480304955,up,34,9.058823529411764,4.0,20.203421817093993,-37,-11.35,1.0,12.75,52.49999999999998,60,0.029411764705882353,0.17647058823529413,0.4117647058823529,0.7647058823529411,16,21
SOXL/SMH,SOXL,SMH,200,post_dd20,814,2011-08-05,2026-08-17,33,0.7407862407862408,211,27,7.814814814814815,3.0,8.5,30.099999999999998,57,10,9,5,3,26,110,0.2371007371007371,0.4963144963144963,all,20,11.15,12.0,24.157977869367336,-34,-30.2,-7.25,31.0,43.85000000000001,60,0.0,0.1,0.1,0.65,6,90
SOXL/SMH,SOXL,SMH,200,post_dd20,814,2011-08-05,2026-08-17,33,0.7407862407862408,211,27,7.814814814814815,3.0,8.5,30.099999999999998,57,10,9,5,3,26,110,0.2371007371007371,0.4963144963144963,down,8,6.5,4.5,24.859605789312106,-34,-25.25,-8.25,21.75,39.49999999999999,43,0.0,0.125,0.125,0.5,3,47
SOXL/SMH,SOXL,SMH,200,post_dd20,814,2011-08-05,2026-08-17,33,0.7407862407862408,211,27,7.814814814814815,3.0,8.5,30.099999999999998,57,10,9,5,3,26,110,0.2371007371007371,0.4963144963144963,up,12,14.25,12.5,24.260424188751973,-30,-19.0,-1.0,31.0,48.44999999999999,60,0.0,0.08333333333333333,0.08333333333333333,0.75,3,43
SOXL/SMH,SOXL,SMH,250,all,3885,2011-03-07,2026-08-17,33,0.8494208494208494,585,95,6.157894736842105,3.0,7.0,19.89999999999999,69,22,46,22,5,82,112,0.6597168597168597,0.8102960102960103,all,50,6.08,2.0,24.671589874565754,-59,-32.4,-8.5,20.0,46.55,52,0.04,0.1,0.26,0.52,32,62
SOXL/SMH,SOXL,SMH,250,all,3885,2011-03-07,2026-08-17,33,0.8494208494208494,585,95,6.157894736842105,3.0,7.0,19.89999999999999,69,22,46,22,5,82,112,0.6597168597168597,0.8102960102960103,down,25,3.16,-2.0,23.45151025698203,-43,-26.2,-11.0,13.0,45.39999999999999,52,0.08,0.16,0.36,0.32,16,31
SOXL/SMH,SOXL,SMH,250,all,3885,2011-03-07,2026-08-17,33,0.8494208494208494,585,95,6.157894736842105,3.0,7.0,19.89999999999999,69,22,46,22,5,82,112,0.6597168597168597,0.8102960102960103,up,25,9.0,8.0,25.98076211353316,-59,-33.4,-6.0,22.0,45.999999999999986,47,0.0,0.04,0.16,0.72,16,31
SOXL/SMH,SOXL,SMH,250,post_dd20,814,2011-08-05,2026-08-17,33,0.6584766584766585,278,35,7.942857142857143,4.0,9.5,30.299999999999997,42,6,15,10,4,30,112,0.1547911547911548,0.4963144963144963,all,18,7.444444444444445,14.5,32.187360000330095,-43,-42.15,-22.75,33.5,46.89999999999999,52,0.05555555555555555,0.05555555555555555,0.05555555555555555,0.6111111111111112,12,94
SOXL/SMH,SOXL,SMH,250,post_dd20,814,2011-08-05,2026-08-17,33,0.6584766584766585,278,35,7.942857142857143,4.0,9.5,30.299999999999997,42,6,15,10,4,30,112,0.1547911547911548,0.4963144963144963,down,8,6.25,8.0,36.718037607071075,-42,-39.2,-25.75,37.75,49.9,52,0.125,0.125,0.125,0.5,5,48
SOXL/SMH,SOXL,SMH,250,post_dd20,814,2011-08-05,2026-08-17,33,0.6584766584766585,278,35,7.942857142857143,4.0,9.5,30.299999999999997,42,6,15,10,4,30,112,0.1547911547911548,0.4963144963144963,up,10,8.4,16.5,30.10057216141322,-43,-37.6,-13.5,27.25,42.0,42,0.0,0.0,0.0,0.7,7,46
SPXL/SPY,SPXL,SPY,20,all,4452,2008-12-03,2026-08-17,10,0.9779874213836478,98,90,1.0888888888888888,1.0,1.0,2.0,2,82,8,0,0,494,491,0.6599281221922731,0.6819407008086253,all,471,-0.8747346072186837,0.0,7.983175039169099,-59,-1.0,0.0,0.0,1.0,53,0.8556263269639066,0.9447983014861996,0.9532908704883227,0.07006369426751592,23,20
SPXL/SPY,SPXL,SPY,20,all,4452,2008-12-03,2026-08-17,10,0.9779874213836478,98,90,1.0888888888888888,1.0,1.0,2.0,2,82,8,0,0,494,491,0.6599281221922731,0.6819407008086253,down,235,-0.723404255319149,0.0,8.26717876737746,-59,-1.0,0.0,0.0,0.0,53,0.8723404255319149,0.9531914893617022,0.9531914893617022,0.01702127659574468,12,10
SPXL/SPY,SPXL,SPY,20,all,4452,2008-12-03,2026-08-17,10,0.9779874213836478,98,90,1.0888888888888888,1.0,1.0,2.0,2,82,8,0,0,494,491,0.6599281221922731,0.6819407008086253,up,236,-1.0254237288135593,0.0,7.704612450420802,-57,0.0,0.0,0.0,1.0,24,0.8389830508474576,0.9364406779661016,0.9533898305084746,0.1228813559322034,11,10
SPXL/SPY,SPXL,SPY,20,post_dd20,288,2009-02-23,2023-02-06,10,0.9756944444444444,7,7,1.0,1.0,1.0,1.0,1,7,0,0,0,24,491,0.59375,0.6180555555555556,all,22,0.09090909090909091,0.0,0.4264014327112209,-1,0.0,0.0,0.0,1.0,1,0.8181818181818182,1.0,1.0,0.13636363636363635,2,469
SPXL/SPY,SPXL,SPY,20,post_dd20,288,2009-02-23,2023-02-06,10,0.9756944444444444,7,7,1.0,1.0,1.0,1.0,1,7,0,0,0,24,491,0.59375,0.6180555555555556,down,10,-0.1,0.0,0.31622776601683794,-1,-0.55,0.0,0.0,0.0,0,0.9,1.0,1.0,0.0,1,235
SPXL/SPY,SPXL,SPY,20,post_dd20,288,2009-02-23,2023-02-06,10,0.9756944444444444,7,7,1.0,1.0,1.0,1.0,1,7,0,0,0,24,491,0.59375,0.6180555555555556,up,12,0.25,0.0,0.45226701686664544,0,0.0,0.0,0.25,1.0,1,0.75,1.0,1.0,0.25,1,234
SPXL/SPY,SPXL,SPY,50,all,4422,2009-01-16,2026-08-17,9,0.9622342831298055,167,131,1.2748091603053435,1.0,1.0,2.5,7,108,22,1,0,301,311,0.6928991406603346,0.7306648575305291,all,267,1.1872659176029963,0.0,9.282256641644466,-51,-1.0,0.0,0.0,4.099999999999966,58,0.6554307116104869,0.9026217228464419,0.9438202247191011,0.19101123595505617,34,44
SPXL/SPY,SPXL,SPY,50,all,4422,2009-01-16,2026-08-17,9,0.9622342831298055,167,131,1.2748091603053435,1.0,1.0,2.5,7,108,22,1,0,301,311,0.6928991406603346,0.7306648575305291,down,133,0.7443609022556391,0.0,9.184682683140172,-51,-2.0,-1.0,0.0,0.0,54,0.6616541353383458,0.8947368421052632,0.9473684210526315,0.045112781954887216,17,22
SPXL/SPY,SPXL,SPY,50,all,4422,2009-01-16,2026-08-17,9,0.9622342831298055,167,131,1.2748091603053435,1.0,1.0,2.5,7,108,22,1,0,301,311,0.6928991406603346,0.7306648575305291,up,134,1.626865671641791,0.0,9.391783036163131,-48,0.0,0.0,1.0,5.699999999999989,58,0.6492537313432836,0.9104477611940298,0.9402985074626866,0.3358208955223881,17,22
SPXL/SPY,SPXL,SPY,50,post_dd20,284,2009-03-05,2023-02-06,9,0.9295774647887324,20,12,1.6666666666666667,1.0,1.25,4.2499999999999964,7,9,2,1,0,21,311,0.4894366197183099,0.5598591549295775,all,19,6.0,0.0,12.905640455070625,-2,-1.1,0.0,4.0,39.3,42,0.47368421052631576,0.6842105263157895,0.7368421052631579,0.42105263157894735,2,292
SPXL/SPY,SPXL,SPY,50,post_dd20,284,2009-03-05,2023-02-06,9,0.9295774647887324,20,12,1.6666666666666667,1.0,1.25,4.2499999999999964,7,9,2,1,0,21,311,0.4894366197183099,0.5598591549295775,down,8,6.0,0.0,14.050927778213488,-2,-1.65,-0.25,3.0,29.549999999999986,39,0.5,0.625,0.75,0.25,1,147
SPXL/SPY,SPXL,SPY,50,post_dd20,284,2009-03-05,2023-02-06,9,0.9295774647887324,20,12,1.6666666666666667,1.0,1.25,4.2499999999999964,7,9,2,1,0,21,311,0.4894366197183099,0.5598591549295775,up,11,6.0,1.0,12.712198865656562,0,0.0,0.0,4.0,28.0,42,0.45454545454545453,0.7272727272727273,0.7272727272727273,0.5454545454545454,1,145
SPXL/SPY,SPXL,SPY,100,all,4372,2009-03-31,2026-08-17,8,0.9409881061299177,258,137,1.8832116788321167,1.0,2.0,4.0,9,81,53,3,0,175,217,0.742451967063129,0.8014638609332113,all,149,0.2348993288590604,0.0,8.77526411533299,-55,-5.199999999999999,0.0,1.0,12.599999999999994,24,0.3959731543624161,0.6510067114093959,0.8523489932885906,0.3825503355704698,26,68
SPXL/SPY,SPXL,SPY,100,all,4372,2009-03-31,2026-08-17,8,0.9409881061299177,258,137,1.8832116788321167,1.0,2.0,4.0,9,81,53,3,0,175,217,0.742451967063129,0.8014638609332113,down,74,-0.918918918918919,0.0,8.608305573261841,-55,-5.749999999999998,-1.0,0.0,11.049999999999983,17,0.5135135135135135,0.7297297297297297,0.8783783783783784,0.10810810810810811,13,34
SPXL/SPY,SPXL,SPY,100,all,4372,2009-03-31,2026-08-17,8,0.9409881061299177,258,137,1.8832116788321167,1.0,2.0,4.0,9,81,53,3,0,175,217,0.742451967063129,0.8014638609332113,up,75,1.3733333333333333,1.0,8.846702444648184,-51,-3.1999999999999993,0.0,2.5,12.899999999999991,24,0.28,0.5733333333333334,0.8266666666666667,0.6533333333333333,13,34
SPXL/SPY,SPXL,SPY,100,post_dd20,224,2020-03-12,2023-02-06,8,0.8214285714285714,40,15,2.6666666666666665,2.0,3.5,6.199999999999996,9,7,7,1,0,14,217,0.16964285714285715,0.3482142857142857,all,14,7.785714285714286,7.0,7.597353501041019,-1,-0.35,1.0,13.5,20.049999999999997,22,0.14285714285714285,0.35714285714285715,0.5,0.7857142857142857,0,203
SPXL/SPY,SPXL,SPY,100,post_dd20,224,2020-03-12,2023-02-06,8,0.8214285714285714,40,15,2.6666666666666665,2.0,3.5,6.199999999999996,9,7,7,1,0,14,217,0.16964285714285715,0.3482142857142857,down,6,6.166666666666667,5.0,7.277820186475251,-1,-0.75,0.0,13.0,14.0,14,0.3333333333333333,0.5,0.5,0.5,0,102
SPXL/SPY,SPXL,SPY,100,post_dd20,224,2020-03-12,2023-02-06,8,0.8214285714285714,40,15,2.6666666666666665,2.0,3.5,6.199999999999996,9,7,7,1,0,14,217,0.16964285714285715,0.3482142857142857,up,8,9.0,7.0,8.088792952509753,1,1.0,2.5,13.75,20.95,22,0.0,0.25,0.5,1.0,0,101
SPXL/SPY,SPXL,SPY,150,all,4322,2009-06-11,2026-08-17,8,0.923646459972235,330,118,2.7966101694915255,2.0,3.0,7.1499999999999915,37,58,48,11,1,124,152,0.7602961591855623,0.8366496992133272,all,97,3.0412371134020617,0.0,13.129893949315619,-59,-5.399999999999999,-1.0,5.0,26.799999999999955,41,0.20618556701030927,0.44329896907216493,0.7319587628865979,0.4536082474226804,27,55
SPXL/SPY,SPXL,SPY,150,all,4322,2009-06-11,2026-08-17,8,0.923646459972235,330,118,2.7966101694915255,2.0,3.0,7.1499999999999915,37,58,48,11,1,124,152,0.7602961591855623,0.8366496992133272,down,48,1.625,-1.0,10.409948187988054,-35,-4.65,-1.0,0.0,21.299999999999997,38,0.22916666666666666,0.5833333333333334,0.8125,0.1875,14,28
SPXL/SPY,SPXL,SPY,150,all,4322,2009-06-11,2026-08-17,8,0.923646459972235,330,118,2.7966101694915255,2.0,3.0,7.1499999999999915,37,58,48,11,1,124,152,0.7602961591855623,0.8366496992133272,up,49,4.428571428571429,2.0,15.320193645425418,-59,-7.0,0.0,6.0,32.59999999999994,41,0.1836734693877551,0.30612244897959184,0.6530612244897959,0.7142857142857143,13,27
SPXL/SPY,SPXL,SPY,150,post_dd20,224,2020-03-12,2023-02-06,8,0.7991071428571429,45,8,5.625,5.5,8.0,11.249999999999996,13,2,2,4,0,8,152,0.07589285714285714,0.2767857142857143,all,4,13.5,9.0,16.68332500832293,-1,-0.09999999999999987,3.5,19.0,33.39999999999999,37,0.0,0.25,0.5,0.75,4,148
SPXL/SPY,SPXL,SPY,150,post_dd20,224,2020-03-12,2023-02-06,8,0.7991071428571429,45,8,5.625,5.5,8.0,11.249999999999996,13,2,2,4,0,8,152,0.07589285714285714,0.2767857142857143,down,1,-1.0,-1.0,,-1,-1.0,-1.0,-1.0,-1.0,-1,0.0,1.0,1.0,0.0,2,75
SPXL/SPY,SPXL,SPY,150,post_dd20,224,2020-03-12,2023-02-06,8,0.7991071428571429,45,8,5.625,5.5,8.0,11.249999999999996,13,2,2,4,0,8,152,0.07589285714285714,0.2767857142857143,up,3,18.333333333333332,13.0,16.653327995729065,5,5.8,9.0,25.0,34.599999999999994,37,0.0,0.0,0.3333333333333333,1.0,2,73
SPXL/SPY,SPXL,SPY,200,all,4272,2009-08-21,2026-08-17,8,0.9349250936329588,278,78,3.5641025641025643,2.0,3.75,8.299999999999983,48,28,40,9,1,90,92,0.7797284644194756,0.8448033707865169,all,59,6.728813559322034,0.0,16.487017367357176,-16,-7.1,-1.0,6.5,48.69999999999996,59,0.22033898305084745,0.3728813559322034,0.6610169491525424,0.4745762711864407,31,33
SPXL/SPY,SPXL,SPY,200,all,4272,2009-08-21,2026-08-17,8,0.9349250936329588,278,78,3.5641025641025643,2.0,3.75,8.299999999999983,48,28,40,9,1,90,92,0.7797284644194756,0.8448033707865169,down,30,4.133333333333334,-1.0,16.99438717348463,-16,-7.299999999999999,-3.0,0.0,43.74999999999993,59,0.3,0.4666666666666667,0.7666666666666667,0.16666666666666666,15,16
SPXL/SPY,SPXL,SPY,200,all,4272,2009-08-21,2026-08-17,8,0.9349250936329588,278,78,3.5641025641025643,2.0,3.75,8.299999999999983,48,28,40,9,1,90,92,0.7797284644194756,0.8448033707865169,up,29,9.413793103448276,3.0,15.787692406653152,-8,-4.199999999999999,1.0,10.0,43.99999999999998,58,0.13793103448275862,0.27586206896551724,0.5517241379310345,0.7931034482758621,16,17
SPXL/SPY,SPXL,SPY,200,post_dd20,224,2020-03-12,2023-02-06,8,0.8883928571428571,25,6,4.166666666666667,3.5,6.25,8.5,9,2,2,2,0,10,92,0.022321428571428572,0.13392857142857142,all,5,33.6,35.0,19.282116066448726,7,10.2,23.0,48.0,53.6,55,0.0,0.0,0.0,1.0,5,87
SPXL/SPY,SPXL,SPY,200,post_dd20,224,2020-03-12,2023-02-06,8,0.8883928571428571,25,6,4.166666666666667,3.5,6.25,8.5,9,2,2,2,0,10,92,0.022321428571428572,0.13392857142857142,down,2,39.0,39.0,22.627416997969522,23,24.6,31.0,47.0,53.4,55,0.0,0.0,0.0,1.0,2,44
SPXL/SPY,SPXL,SPY,200,post_dd20,224,2020-03-12,2023-02-06,8,0.8883928571428571,25,6,4.166666666666667,3.5,6.25,8.5,9,2,2,2,0,10,92,0.022321428571428572,0.13392857142857142,up,3,30.0,35.0,20.952326839756964,7,9.8,21.0,41.5,46.699999999999996,48,0.0,0.0,0.0,1.0,3,43
SPXL/SPY,SPXL,SPY,250,all,4222,2009-11-02,2026-08-17,8,0.9242065371861677,320,111,2.8828828828828827,2.0,3.0,8.0,49,54,48,8,1,100,130,0.7858834675509238,0.861676930364756,all,82,1.8780487804878048,0.0,20.686006628148732,-56,-31.8,-4.0,8.75,43.95,53,0.04878048780487805,0.1951219512195122,0.4634146341463415,0.4878048780487805,18,48
SPXL/SPY,SPXL,SPY,250,all,4222,2009-11-02,2026-08-17,8,0.9242065371861677,320,111,2.8828828828828827,2.0,3.0,8.0,49,54,48,8,1,100,130,0.7858834675509238,0.861676930364756,down,42,0.2857142857142857,-1.5,21.788658623221927,-56,-36.4,-4.0,7.25,42.89999999999999,53,0.07142857142857142,0.21428571428571427,0.5238095238095238,0.2857142857142857,8,23
SPXL/SPY,SPXL,SPY,250,all,4222,2009-11-02,2026-08-17,8,0.9242065371861677,320,111,2.8828828828828827,2.0,3.0,8.0,49,54,48,8,1,100,130,0.7858834675509238,0.861676930364756,up,40,3.55,2.5,19.597160966546095,-54,-28.2,-3.25,11.5,44.14999999999999,49,0.025,0.175,0.4,0.7,10,25
SPXL/SPY,SPXL,SPY,250,post_dd20,224,2020-03-12,2023-02-06,8,0.9151785714285714,19,3,6.333333333333333,8.0,9.0,9.8,10,1,0,2,0,4,130,0.0,0.08482142857142858,all,4,-3.25,-4.0,58.61384933045546,-54,-54.0,-54.0,46.75,48.55,49,0.0,0.0,0.0,0.5,0,126
SPXL/SPY,SPXL,SPY,250,post_dd20,224,2020-03-12,2023-02-06,8,0.9151785714285714,19,3,6.333333333333333,8.0,9.0,9.8,10,1,0,2,0,4,130,0.0,0.08482142857142858,down,1,-54.0,-54.0,,-54,-54.0,-54.0,-54.0,-54.0,-54,0.0,0.0,0.0,0.0,0,64
SPXL/SPY,SPXL,SPY,250,post_dd20,224,2020-03-12,2023-02-06,8,0.9151785714285714,19,3,6.333333333333333,8.0,9.0,9.8,10,1,0,2,0,4,130,0.0,0.08482142857142858,up,3,13.666666666666666,46.0,58.62024678669763,-54,-44.0,-4.0,47.5,48.7,49,0.0,0.0,0.0,0.6666666666666666,0,62
TECL/XLK,TECL,XLK,20,all,4415,2009-01-28,2026-08-17,18,0.9691959229898075,136,113,1.2035398230088497,1.0,1.0,2.0,5,98,15,0,0,482,486,0.6355605889014723,0.6645526613816535,all,459,0.20043572984749455,0.0,4.9600059675741575,-35,-1.0,0.0,0.0,1.0,52,0.8082788671023965,0.9433551198257081,0.9651416122004357,0.11764705882352941,23,27
TECL/XLK,TECL,XLK,20,all,4415,2009-01-28,2026-08-17,18,0.9691959229898075,136,113,1.2035398230088497,1.0,1.0,2.0,5,98,15,0,0,482,486,0.6355605889014723,0.6645526613816535,down,230,0.2391304347826087,0.0,5.274080903016066,-21,-1.0,0.0,0.0,0.0,49,0.8521739130434782,0.9521739130434783,0.9652173913043478,0.02608695652173913,11,13
TECL/XLK,TECL,XLK,20,all,4415,2009-01-28,2026-08-17,18,0.9691959229898075,136,113,1.2035398230088497,1.0,1.0,2.0,5,98,15,0,0,482,486,0.6355605889014723,0.6645526613816535,up,229,0.1615720524017467,0.0,4.634454222329166,-35,0.0,0.0,0.0,1.0,52,0.7641921397379913,0.9344978165938864,0.9650655021834061,0.2096069868995633,12,14
TECL/XLK,TECL,XLK,20,post_dd20,430,2018-12-21,2025-07-15,18,0.9697674418604652,13,12,1.0833333333333333,1.0,1.0,1.4499999999999993,2,11,1,0,0,30,486,0.6348837209302326,0.6651162790697674,all,30,-1.6,0.0,14.847732904850933,-42,-31.599999999999998,0.0,0.0,1.0,52,0.6,0.8666666666666667,0.8666666666666667,0.23333333333333334,0,456
TECL/XLK,TECL,XLK,20,post_dd20,430,2018-12-21,2025-07-15,18,0.9697674418604652,13,12,1.0833333333333333,1.0,1.0,1.4499999999999993,2,11,1,0,0,30,486,0.6348837209302326,0.6651162790697674,down,13,-5.3076923076923075,0.0,12.989640843024462,-42,-31.799999999999997,-1.0,0.0,0.0,0,0.6923076923076923,0.8461538461538461,0.8461538461538461,0.0,0,230
TECL/XLK,TECL,XLK,20,post_dd20,430,2018-12-21,2025-07-15,18,0.9697674418604652,13,12,1.0833333333333333,1.0,1.0,1.4499999999999993,2,11,1,0,0,30,486,0.6348837209302326,0.6651162790697674,up,17,1.2352941176470589,0.0,15.915909539532707,-37,-7.399999999999999,0.0,1.0,11.199999999999964,52,0.5294117647058824,0.8823529411764706,0.8823529411764706,0.4117647058823529,0,226
TECL/XLK,TECL,XLK,50,all,4385,2009-03-12,2026-08-17,18,0.9502850627137971,218,163,1.3374233128834356,1.0,1.0,2.9000000000000057,5,124,39,0,0,315,321,0.6670467502850627,0.7167616875712657,all,275,0.6945454545454546,0.0,9.550927997519521,-42,-6.0,0.0,1.0,9.600000000000023,55,0.5636363636363636,0.7818181818181819,0.8654545454545455,0.2545454545454545,40,46
TECL/XLK,TECL,XLK,50,all,4385,2009-03-12,2026-08-17,18,0.9502850627137971,218,163,1.3374233128834356,1.0,1.0,2.9000000000000057,5,124,39,0,0,315,321,0.6670467502850627,0.7167616875712657,down,137,0.16058394160583941,0.0,9.54881697064395,-42,-3.1999999999999957,-1.0,0.0,8.199999999999989,52,0.5985401459854015,0.8248175182481752,0.8759124087591241,0.0948905109489051,20,23
TECL/XLK,TECL,XLK,50,all,4385,2009-03-12,2026-08-17,18,0.9502850627137971,218,163,1.3374233128834356,1.0,1.0,2.9000000000000057,5,124,39,0,0,315,321,0.6670467502850627,0.7167616875712657,up,138,1.2246376811594204,0.0,9.558134164149592,-39,-6.0,0.0,1.0,11.150000000000006,55,0.5289855072463768,0.7391304347826086,0.855072463768116,0.41304347826086957,20,23
TECL/XLK,TECL,XLK,50,post_dd20,430,2018-12-21,2025-07-15,18,0.9418604651162791,25,14,1.7857142857142858,1.5,2.0,3.6999999999999993,5,7,7,0,0,16,321,0.5465116279069767,0.6046511627906976,all,15,1.4,2.0,22.955858262574907,-36,-34.6,0.0,7.5,37.69999999999998,51,0.2,0.2,0.4666666666666667,0.6,1,306
TECL/XLK,TECL,XLK,50,post_dd20,430,2018-12-21,2025-07-15,18,0.9418604651162791,25,14,1.7857142857142858,1.5,2.0,3.6999999999999993,5,7,7,0,0,16,321,0.5465116279069767,0.6046511627906976,down,6,-4.333333333333333,2.0,26.242459234352765,-36,-35.5,-25.5,7.0,26.0,32,0.16666666666666666,0.16666666666666666,0.3333333333333333,0.5,0,154
TECL/XLK,TECL,XLK,50,post_dd20,430,2018-12-21,2025-07-15,18,0.9418604651162791,25,14,1.7857142857142858,1.5,2.0,3.6999999999999993,5,7,7,0,0,16,321,0.5465116279069767,0.6046511627906976,up,9,5.222222222222222,2.0,21.229565338094996,-32,-19.2,0.0,7.0,35.399999999999984,51,0.2222222222222222,0.2222222222222222,0.5555555555555556,0.6666666666666666,1,152
TECL/XLK,TECL,XLK,100,all,4335,2009-05-22,2026-08-17,18,0.9319492502883506,295,150,1.9666666666666666,1.0,2.0,4.549999999999983,20,90,54,6,0,204,222,0.7151095732410612,0.7831603229527105,all,162,0.043209876543209874,0.0,11.948829182193688,-47,-21.599999999999994,-1.0,1.0,25.699999999999932,47,0.3888888888888889,0.6419753086419753,0.808641975308642,0.35185185185185186,42,60
TECL/XLK,TECL,XLK,100,all,4335,2009-05-22,2026-08-17,18,0.9319492502883506,295,150,1.9666666666666666,1.0,2.0,4.549999999999983,20,90,54,6,0,204,222,0.7151095732410612,0.7831603229527105,down,81,-0.5432098765432098,0.0,11.903832767974407,-40,-14.0,-1.0,0.0,26.0,47,0.49382716049382713,0.7037037037037037,0.8395061728395061,0.08641975308641975,21,30
TECL/XLK,TECL,XLK,100,all,4335,2009-05-22,2026-08-17,18,0.9319492502883506,295,150,1.9666666666666666,1.0,2.0,4.549999999999983,20,90,54,6,0,204,222,0.7151095732410612,0.7831603229527105,up,81,0.6296296296296297,1.0,12.038941444791194,-47,-22.0,0.0,2.0,20.0,37,0.2839506172839506,0.5802469135802469,0.7777777777777778,0.6172839506172839,21,30
TECL/XLK,TECL,XLK,100,post_dd20,430,2018-12-21,2025-07-15,18,0.8906976744186047,47,13,3.6153846153846154,1.0,3.0,13.399999999999984,20,7,4,2,0,14,222,0.4046511627906977,0.513953488372093,all,10,8.8,6.5,21.637416152992433,-24,-23.1,-0.25,26.0,36.499999999999986,41,0.0,0.1,0.3,0.7,4,212
TECL/XLK,TECL,XLK,100,post_dd20,430,2018-12-21,2025-07-15,18,0.8906976744186047,47,13,3.6153846153846154,1.0,3.0,13.399999999999984,20,7,4,2,0,14,222,0.4046511627906977,0.513953488372093,down,3,1.0,-1.0,26.057628441590765,-24,-21.7,-12.5,13.5,25.099999999999998,28,0.0,0.3333333333333333,0.3333333333333333,0.3333333333333333,2,108
TECL/XLK,TECL,XLK,100,post_dd20,430,2018-12-21,2025-07-15,18,0.8906976744186047,47,13,3.6153846153846154,1.0,3.0,13.399999999999984,20,7,4,2,0,14,222,0.4046511627906977,0.513953488372093,up,7,12.142857142857142,9.0,20.796061898258298,-22,-14.799999999999999,3.0,25.5,37.99999999999999,41,0.0,0.0,0.2857142857142857,0.8571428571428571,2,104
TECL/XLK,TECL,XLK,150,all,4285,2009-08-04,2026-08-17,18,0.9054842473745625,405,136,2.9779411764705883,2.0,3.0,9.0,27,55,67,13,1,126,174,0.7353558926487748,0.8298716452742124,all,91,3.21978021978022,0.0,15.845645877795368,-48,-14.0,-2.0,3.5,36.5,55,0.15384615384615385,0.37362637362637363,0.6593406593406593,0.42857142857142855,35,83
TECL/XLK,TECL,XLK,150,all,4285,2009-08-04,2026-08-17,18,0.9054842473745625,405,136,2.9779411764705883,2.0,3.0,9.0,27,55,67,13,1,126,174,0.7353558926487748,0.8298716452742124,down,46,1.0217391304347827,-1.0,15.349975215955068,-48,-13.25,-2.75,0.0,34.25,47,0.1956521739130435,0.4782608695652174,0.6956521739130435,0.15217391304347827,17,41
TECL/XLK,TECL,XLK,150,all,4285,2009-08-04,2026-08-17,18,0.9054842473745625,405,136,2.9779411764705883,2.0,3.0,9.0,27,55,67,13,1,126,174,0.7353558926487748,0.8298716452742124,up,45,5.466666666666667,2.0,16.198484777623776,-41,-12.399999999999999,0.0,8.0,41.39999999999996,55,0.1111111111111111,0.26666666666666666,0.6222222222222222,0.7111111111111111,18,42
TECL/XLK,TECL,XLK,150,post_dd20,430,2018-12-21,2025-07-15,18,0.7813953488372093,94,14,6.714285714285714,3.0,7.25,21.15,27,4,6,3,1,16,174,0.26976744186046514,0.4883720930232558,all,10,18.6,22.5,18.361796087408106,-9,-7.65,3.5,30.5,40.39999999999999,44,0.0,0.1,0.1,0.7,6,164
TECL/XLK,TECL,XLK,150,post_dd20,430,2018-12-21,2025-07-15,18,0.7813953488372093,94,14,6.714285714285714,3.0,7.25,21.15,27,4,6,3,1,16,174,0.26976744186046514,0.4883720930232558,down,4,13.75,14.0,22.081289213570237,-9,-7.8,-3.0,30.75,34.949999999999996,36,0.0,0.25,0.25,0.5,3,83
TECL/XLK,TECL,XLK,150,post_dd20,430,2018-12-21,2025-07-15,18,0.7813953488372093,94,14,6.714285714285714,3.0,7.25,21.15,27,4,6,3,1,16,174,0.26976744186046514,0.4883720930232558,up,6,21.833333333333332,22.5,16.82161308158842,-6,-0.25,17.25,30.0,40.75,44,0.0,0.0,0.0,0.8333333333333334,3,81
TECL/XLK,TECL,XLK,200,all,4235,2009-10-14,2026-08-17,18,0.9138134592680047,365,106,3.443396226415094,2.0,4.0,10.0,26,43,46,16,1,90,134,0.7629279811097993,0.8491145218417946,all,70,5.828571428571428,1.0,15.804944583639811,-19,-13.0,-2.0,8.75,41.39999999999998,60,0.08571428571428572,0.2571428571428571,0.5714285714285714,0.5142857142857142,20,64
TECL/XLK,TECL,XLK,200,all,4235,2009-10-14,2026-08-17,18,0.9138134592680047,365,106,3.443396226415094,2.0,4.0,10.0,26,43,46,16,1,90,134,0.7629279811097993,0.8491145218417946,down,35,2.142857142857143,-1.0,14.779044896989348,-19,-13.6,-4.0,0.0,36.3,52,0.11428571428571428,0.3142857142857143,0.6285714285714286,0.2,10,32
TECL/XLK,TECL,XLK,200,all,4235,2009-10-14,2026-08-17,18,0.9138134592680047,365,106,3.443396226415094,2.0,4.0,10.0,26,43,46,16,1,90,134,0.7629279811097993,0.8491145218417946,up,35,9.514285714285714,3.0,16.14160030803023,-14,-11.6,1.0,17.5,45.0,60,0.05714285714285714,0.2,0.5142857142857142,0.8285714285714286,10,32
TECL/XLK,TECL,XLK,200,post_dd20,430,2018-12-21,2025-07-15,18,0.7906976744186046,90,12,7.5,2.5,10.5,22.699999999999996,26,5,2,4,1,12,134,0.2651162790697674,0.4744186046511628,all,6,24.166666666666668,23.0,15.600213673750329,0,4.5,18.5,33.5,42.75,45,0.16666666666666666,0.16666666666666666,0.16666666666666666,0.8333333333333334,6,128
TECL/XLK,TECL,XLK,200,post_dd20,430,2018-12-21,2025-07-15,18,0.7906976744186046,90,12,7.5,2.5,10.5,22.699999999999996,26,5,2,4,1,12,134,0.2651162790697674,0.4744186046511628,down,2,18.0,18.0,25.45584412271571,0,1.8,9.0,27.0,34.199999999999996,36,0.5,0.5,0.5,0.5,3,65
TECL/XLK,TECL,XLK,200,post_dd20,430,2018-12-21,2025-07-15,18,0.7906976744186046,90,12,7.5,2.5,10.5,22.699999999999996,26,5,2,4,1,12,134,0.2651162790697674,0.4744186046511628,up,4,27.25,23.0,12.311918344975057,18,18.3,19.5,30.75,42.14999999999999,45,0.0,0.0,0.0,1.0,3,63
TECL/XLK,TECL,XLK,250,all,4185,2009-12-24,2026-08-17,18,0.8989247311827957,423,88,4.806818181818182,2.0,5.25,18.599999999999966,33,32,34,18,4,64,122,0.773715651135006,0.8747909199522103,all,58,2.5517241379310347,0.0,18.80292289129268,-37,-31.3,-5.0,10.0,36.3,51,0.08620689655172414,0.1896551724137931,0.4482758620689655,0.46551724137931033,6,64
TECL/XLK,TECL,XLK,250,all,4185,2009-12-24,2026-08-17,18,0.8989247311827957,423,88,4.806818181818182,2.0,5.25,18.599999999999966,33,32,34,18,4,64,122,0.773715651135006,0.8747909199522103,down,29,-2.206896551724138,-2.0,17.269666450465824,-37,-33.4,-6.0,0.0,29.199999999999964,47,0.13793103448275862,0.27586206896551724,0.5862068965517241,0.20689655172413793,3,32
TECL/XLK,TECL,XLK,250,all,4185,2009-12-24,2026-08-17,18,0.8989247311827957,423,88,4.806818181818182,2.0,5.25,18.599999999999966,33,32,34,18,4,64,122,0.773715651135006,0.8747909199522103,up,29,7.310344827586207,5.0,19.35403879643704,-33,-21.6,0.0,17.0,37.199999999999996,51,0.034482758620689655,0.10344827586206896,0.3103448275862069,0.7241379310344828,3,32
TECL/XLK,TECL,XLK,250,post_dd20,430,2018-12-21,2025-07-15,18,0.7534883720930232,106,12,8.833333333333334,2.0,20.25,26.049999999999994,31,6,2,1,3,12,122,0.2441860465116279,0.4906976744186046,all,10,5.1,10.0,38.69668375110887,-60,-59.55,-0.75,28.75,49.199999999999996,51,0.2,0.3,0.3,0.5,2,112
TECL/XLK,TECL,XLK,250,post_dd20,430,2018-12-21,2025-07-15,18,0.7534883720930232,106,12,8.833333333333334,2.0,20.25,26.049999999999994,31,6,2,1,3,12,122,0.2441860465116279,0.4906976744186046,down,4,-3.25,-0.5,43.39258769267704,-59,-50.3,-15.5,11.75,39.94999999999998,47,0.25,0.5,0.5,0.25,1,57
TECL/XLK,TECL,XLK,250,post_dd20,430,2018-12-21,2025-07-15,18,0.7534883720930232,106,12,8.833333333333334,2.0,20.25,26.049999999999994,31,6,2,1,3,12,122,0.2441860465116279,0.4906976744186046,up,6,10.666666666666666,21.0,38.37533930360313,-60,-45.0,5.0,28.75,46.0,51,0.16666666666666666,0.16666666666666666,0.16666666666666666,0.6666666666666666,1,55
TQQQ/QQQ,TQQQ,QQQ,20,all,4134,2010-03-11,2026-08-17,14,0.9721819061441703,115,103,1.116504854368932,1.0,1.0,2.0,3,92,11,0,0,458,452,0.6393323657474601,0.6666666666666666,all,428,-0.04672897196261682,0.0,7.227171184276747,-58,-1.0,0.0,0.0,1.0,60,0.822429906542056,0.9485981308411215,0.9602803738317757,0.11448598130841121,30,24
TQQQ/QQQ,TQQQ,QQQ,20,all,4134,2010-03-11,2026-08-17,14,0.9721819061441703,115,103,1.116504854368932,1.0,1.0,2.0,3,92,11,0,0,458,452,0.6393323657474601,0.6666666666666666,down,214,-0.2336448598130841,0.0,7.265688144375004,-58,-1.0,0.0,0.0,0.0,58,0.8644859813084113,0.9532710280373832,0.9626168224299065,0.028037383177570093,15,12
TQQQ/QQQ,TQQQ,QQQ,20,all,4134,2010-03-11,2026-08-17,14,0.9721819061441703,115,103,1.116504854368932,1.0,1.0,2.0,3,92,11,0,0,458,452,0.6393323657474601,0.6666666666666666,up,214,0.14018691588785046,0.0,7.2006110827414105,-56,0.0,0.0,0.0,1.0,60,0.780373831775701,0.9439252336448598,0.9579439252336449,0.20093457943925233,15,12
TQQQ/QQQ,TQQQ,QQQ,20,post_dd20,441,2018-12-21,2025-07-01,14,0.9727891156462585,12,10,1.2,1.0,1.0,2.0,2,8,2,0,0,28,452,0.6507936507936508,0.6780045351473923,all,28,-3.9285714285714284,0.0,20.481117901037297,-48,-42.65,0.0,0.0,12.299999999999997,60,0.6071428571428571,0.6785714285714286,0.7142857142857143,0.17857142857142858,0,424
TQQQ/QQQ,TQQQ,QQQ,20,post_dd20,441,2018-12-21,2025-07-01,14,0.9727891156462585,12,10,1.2,1.0,1.0,2.0,2,8,2,0,0,28,452,0.6507936507936508,0.6780045351473923,down,12,-8.75,0.0,18.70889433592288,-48,-44.7,-7.5,0.0,4.949999999999992,11,0.5833333333333334,0.5833333333333334,0.6666666666666666,0.08333333333333333,0,214
TQQQ/QQQ,TQQQ,QQQ,20,post_dd20,441,2018-12-21,2025-07-01,14,0.9727891156462585,12,10,1.2,1.0,1.0,2.0,2,8,2,0,0,28,452,0.6507936507936508,0.6780045351473923,up,16,-0.3125,0.0,21.583075931541053,-43,-38.5,0.0,0.25,24.75,60,0.625,0.75,0.75,0.25,0,210
TQQQ/QQQ,TQQQ,QQQ,50,all,4104,2010-04-23,2026-08-17,14,0.9607699805068226,161,125,1.288,1.0,1.0,2.0,9,103,21,1,0,260,292,0.6778752436647173,0.7171052631578947,all,240,0.9333333333333333,0.0,6.71192448296262,-21,-1.0,0.0,0.0,5.049999999999983,48,0.6291666666666667,0.8833333333333333,0.9291666666666667,0.17916666666666667,20,52
TQQQ/QQQ,TQQQ,QQQ,50,all,4104,2010-04-23,2026-08-17,14,0.9607699805068226,161,125,1.288,1.0,1.0,2.0,9,103,21,1,0,260,292,0.6778752436647173,0.7171052631578947,down,120,0.5166666666666667,0.0,6.598934639420983,-21,-1.0,-1.0,0.0,0.29999999999998295,46,0.5916666666666667,0.9083333333333333,0.9333333333333333,0.05,10,26
TQQQ/QQQ,TQQQ,QQQ,50,all,4104,2010-04-23,2026-08-17,14,0.9607699805068226,161,125,1.288,1.0,1.0,2.0,9,103,21,1,0,260,292,0.6778752436647173,0.7171052631578947,up,120,1.35,0.0,6.825126587923221,-19,0.0,0.0,1.0,5.1499999999999915,48,0.6666666666666666,0.8583333333333333,0.925,0.30833333333333335,10,26
TQQQ/QQQ,TQQQ,QQQ,50,post_dd20,441,2018-12-21,2025-07-01,14,0.9478458049886621,23,12,1.9166666666666667,1.0,1.25,5.699999999999996,9,9,2,1,0,10,292,0.54421768707483,0.5963718820861678,all,10,1.4,0.5,2.875181153713043,-1,-0.55,0.0,1.0,6.299999999999994,9,0.4,0.8,0.9,0.5,0,282
TQQQ/QQQ,TQQQ,QQQ,50,post_dd20,441,2018-12-21,2025-07-01,14,0.9478458049886621,23,12,1.9166666666666667,1.0,1.25,5.699999999999996,9,9,2,1,0,10,292,0.54421768707483,0.5963718820861678,down,3,-0.3333333333333333,0.0,0.5773502691896258,-1,-0.9,-0.5,0.0,0.0,0,0.6666666666666666,1.0,1.0,0.0,0,143
TQQQ/QQQ,TQQQ,QQQ,50,post_dd20,441,2018-12-21,2025-07-01,14,0.9478458049886621,23,12,1.9166666666666667,1.0,1.25,5.699999999999996,9,9,2,1,0,10,292,0.54421768707483,0.5963718820861678,up,7,2.142857142857143,1.0,3.184785258515422,0,0.0,0.5,2.0,7.199999999999996,9,0.2857142857142857,0.7142857142857143,0.8571428571428571,0.7142857142857143,0,139
TQQQ/QQQ,TQQQ,QQQ,100,all,4054,2010-07-06,2026-08-17,14,0.9412925505673408,238,136,1.75,1.0,2.0,4.0,20,89,44,3,0,183,203,0.7229896398618648,0.781697089294524,all,149,2.4563758389261743,0.0,11.892811377146502,-47,-4.799999999999999,0.0,1.0,26.19999999999996,52,0.3825503355704698,0.6375838926174496,0.8120805369127517,0.3825503355704698,34,54
TQQQ/QQQ,TQQQ,QQQ,100,all,4054,2010-07-06,2026-08-17,14,0.9412925505673408,238,136,1.75,1.0,2.0,4.0,20,89,44,3,0,183,203,0.7229896398618648,0.781697089294524,down,74,1.3108108108108107,0.0,11.67825009840847,-47,-5.099999999999998,-1.0,0.0,23.14999999999995,48,0.44594594594594594,0.6891891891891891,0.8378378378378378,0.13513513513513514,17,27
TQQQ/QQQ,TQQQ,QQQ,100,all,4054,2010-07-06,2026-08-17,14,0.9412925505673408,238,136,1.75,1.0,2.0,4.0,20,89,44,3,0,183,203,0.7229896398618648,0.781697089294524,up,75,3.5866666666666664,1.0,12.071961408663146,-45,-1.799999999999999,0.0,3.0,25.599999999999966,52,0.32,0.5866666666666667,0.7866666666666666,0.6266666666666667,17,27
TQQQ/QQQ,TQQQ,QQQ,100,post_dd20,441,2018-12-21,2025-07-01,14,0.8866213151927438,50,10,5.0,3.0,5.0,14.599999999999987,20,2,6,2,0,13,203,0.38095238095238093,0.4943310657596372,all,11,-13.727272727272727,-10.0,24.495268559829707,-52,-52.0,-30.0,5.0,14.0,20,0.09090909090909091,0.09090909090909091,0.18181818181818182,0.36363636363636365,2,192
TQQQ/QQQ,TQQQ,QQQ,100,post_dd20,441,2018-12-21,2025-07-01,14,0.8866213151927438,50,10,5.0,3.0,5.0,14.599999999999987,20,2,6,2,0,13,203,0.38095238095238093,0.4943310657596372,down,4,-24.75,-23.5,22.381167678802342,-52,-49.0,-37.0,-11.25,-2.2500000000000053,0,0.25,0.25,0.25,0.0,1,97
TQQQ/QQQ,TQQQ,QQQ,100,post_dd20,441,2018-12-21,2025-07-01,14,0.8866213151927438,50,10,5.0,3.0,5.0,14.599999999999987,20,2,6,2,0,13,203,0.38095238095238093,0.4943310657596372,up,7,-7.428571428571429,2.0,24.945655218608994,-52,-44.8,-19.0,8.0,16.39999999999999,20,0.0,0.0,0.14285714285714285,0.5714285714285714,1,95
TQQQ/QQQ,TQQQ,QQQ,150,all,4004,2010-09-15,2026-08-17,14,0.9323176823176823,271,105,2.580952380952381,1.0,3.0,8.0,20,54,41,10,0,98,142,0.768981018981019,0.8366633366633367,all,80,1.0125,0.0,15.683978562351575,-52,-20.299999999999997,-2.0,1.25,23.199999999999932,52,0.1875,0.4625,0.7375,0.3875,18,62
TQQQ/QQQ,TQQQ,QQQ,150,all,4004,2010-09-15,2026-08-17,14,0.9323176823176823,271,105,2.580952380952381,1.0,3.0,8.0,20,54,41,10,0,98,142,0.768981018981019,0.8366633366633367,down,40,-1.4,-1.0,15.375304875026057,-52,-20.45,-3.0,0.0,19.39999999999992,50,0.2,0.475,0.8,0.075,9,31
TQQQ/QQQ,TQQQ,QQQ,150,all,4004,2010-09-15,2026-08-17,14,0.9323176823176823,271,105,2.580952380952381,1.0,3.0,8.0,20,54,41,10,0,98,142,0.768981018981019,0.8366633366633367,up,40,3.425,1.0,15.809584077955646,-50,-10.799999999999997,0.0,4.25,23.39999999999992,52,0.175,0.45,0.675,0.7,9,31
TQQQ/QQQ,TQQQ,QQQ,150,post_dd20,441,2018-12-21,2025-07-01,14,0.8571428571428571,63,7,9.0,5.0,16.0,19.099999999999998,20,2,2,3,0,9,142,0.30385487528344673,0.4467120181405896,all,5,-9.6,15.0,36.922892627745185,-50,-50.0,-50.0,17.0,19.4,20,0.0,0.0,0.0,0.6,4,137
TQQQ/QQQ,TQQQ,QQQ,150,post_dd20,441,2018-12-21,2025-07-01,14,0.8571428571428571,63,7,9.0,5.0,16.0,19.099999999999998,20,2,2,3,0,9,142,0.30385487528344673,0.4467120181405896,down,1,-50.0,-50.0,,-50,-50.0,-50.0,-50.0,-50.0,-50,0.0,0.0,0.0,0.0,2,70
TQQQ/QQQ,TQQQ,QQQ,150,post_dd20,441,2018-12-21,2025-07-01,14,0.8571428571428571,63,7,9.0,5.0,16.0,19.099999999999998,20,2,2,3,0,9,142,0.30385487528344673,0.4467120181405896,up,4,0.5,16.0,33.729314648635636,-50,-40.25,-1.25,17.75,19.549999999999997,20,0.0,0.0,0.0,0.75,2,67
TQQQ/QQQ,TQQQ,QQQ,200,all,3954,2010-11-24,2026-08-17,14,0.9355083459787557,255,84,3.0357142857142856,2.0,4.0,6.849999999999994,21,30,45,8,1,86,90,0.783763277693475,0.8482549317147192,all,62,0.8548387096774194,1.0,16.03361916150505,-34,-26.849999999999998,-4.75,5.0,33.64999999999997,47,0.06451612903225806,0.1774193548387097,0.5483870967741935,0.5161290322580645,24,28
TQQQ/QQQ,TQQQ,QQQ,200,all,3954,2010-11-24,2026-08-17,14,0.9355083459787557,255,84,3.0357142857142856,2.0,4.0,6.849999999999994,21,30,45,8,1,86,90,0.783763277693475,0.8482549317147192,down,31,-2.5161290322580645,-2.0,15.779461266135241,-34,-27.5,-6.0,0.0,26.0,43,0.12903225806451613,0.22580645161290322,0.5161290322580645,0.22580645161290322,12,14
TQQQ/QQQ,TQQQ,QQQ,200,all,3954,2010-11-24,2026-08-17,14,0.9355083459787557,255,84,3.0357142857142856,2.0,4.0,6.849999999999994,21,30,45,8,1,86,90,0.783763277693475,0.8482549317147192,up,31,4.225806451612903,3.0,15.819207054336097,-30,-18.5,1.0,6.5,31.5,47,0.0,0.12903225806451613,0.5806451612903226,0.8064516129032258,12,14
TQQQ/QQQ,TQQQ,QQQ,200,post_dd20,441,2018-12-21,2025-07-01,14,0.8707482993197279,57,9,6.333333333333333,4.0,7.0,18.199999999999996,21,3,3,2,1,11,90,0.31065759637188206,0.4399092970521542,all,8,11.125,16.5,27.559999481650422,-50,-31.099999999999998,4.75,28.75,35.3,36,0.0,0.0,0.25,0.875,3,82
TQQQ/QQQ,TQQQ,QQQ,200,post_dd20,441,2018-12-21,2025-07-01,14,0.8707482993197279,57,9,6.333333333333333,4.0,7.0,18.199999999999996,21,3,3,2,1,11,90,0.31065759637188206,0.4399092970521542,down,3,-1.3333333333333333,12.0,43.55838993045236,-50,-43.8,-19.0,23.0,31.799999999999997,34,0.0,0.0,0.0,0.6666666666666666,1,42
TQQQ/QQQ,TQQQ,QQQ,200,post_dd20,441,2018-12-21,2025-07-01,14,0.8707482993197279,57,9,6.333333333333333,4.0,7.0,18.199999999999996,21,3,3,2,1,11,90,0.31065759637188206,0.4399092970521542,up,5,18.6,21.0,13.939153489362258,4,4.2,5.0,27.0,34.199999999999996,36,0.0,0.0,0.4,1.0,2,40
TQQQ/QQQ,TQQQ,QQQ,250,all,3904,2011-02-07,2026-08-17,14,0.9326331967213115,263,77,3.4155844155844157,2.0,5.0,8.200000000000003,22,28,36,12,1,86,80,0.796875,0.8642418032786885,all,62,2.870967741935484,3.0,18.299407740096033,-55,-34.55,-3.0,11.75,36.54999999999996,48,0.0967741935483871,0.1774193548387097,0.45161290322580644,0.5483870967741935,24,18
TQQQ/QQQ,TQQQ,QQQ,250,all,3904,2011-02-07,2026-08-17,14,0.9326331967213115,263,77,3.4155844155844157,2.0,5.0,8.200000000000003,22,28,36,12,1,86,80,0.796875,0.8642418032786885,down,31,-0.5483870967741935,-1.0,18.1141541520757,-55,-32.5,-5.0,7.0,28.0,42,0.16129032258064516,0.2903225806451613,0.5483870967741935,0.2903225806451613,12,9
TQQQ/QQQ,TQQQ,QQQ,250,all,3904,2011-02-07,2026-08-17,14,0.9326331967213115,263,77,3.4155844155844157,2.0,5.0,8.200000000000003,22,28,36,12,1,86,80,0.796875,0.8642418032786885,up,31,6.290322580645161,5.0,18.12768333863449,-47,-25.5,2.5,14.5,34.5,48,0.03225806451612903,0.06451612903225806,0.3548387096774194,0.8064516129032258,12,9
TQQQ/QQQ,TQQQ,QQQ,250,post_dd20,441,2018-12-21,2025-07-01,14,0.8480725623582767,67,10,6.7,3.5,6.0,19.749999999999993,22,1,5,3,1,9,80,0.3242630385487528,0.47619047619047616,all,9,-13.777777777777779,6.0,34.37941890789378,-59,-58.6,-42.0,16.0,20.0,22,0.0,0.0,0.0,0.5555555555555556,0,71
TQQQ/QQQ,TQQQ,QQQ,250,post_dd20,441,2018-12-21,2025-07-01,14,0.8480725623582767,67,10,6.7,3.5,6.0,19.749999999999993,22,1,5,3,1,9,80,0.3242630385487528,0.47619047619047616,down,3,-30.0,-42.0,36.51027252705737,-59,-57.3,-50.5,-15.5,5.699999999999996,11,0.0,0.0,0.0,0.3333333333333333,0,37
TQQQ/QQQ,TQQQ,QQQ,250,post_dd20,441,2018-12-21,2025-07-01,14,0.8480725623582767,67,10,6.7,3.5,6.0,19.749999999999993,22,1,5,3,1,9,80,0.3242630385487528,0.47619047619047616,up,6,-5.666666666666667,11.0,33.48233365025005,-58,-52.75,-26.25,16.75,20.75,22,0.0,0.0,0.0,0.6666666666666666,0,34
