table,convention,lag,ann_return,ann_vol,sharpe_lo,max_drawdown,ann_turnover,instrument,t2_minus_t1_arith,year,total_t2_minus_t1_arith,top20_sessions_share_of_total,n_sessions,date,t2_minus_t1,t1_holdings,sleeve
lag_levels,c2c,1.0,0.29621554962121666,0.5071822847200781,0.9251312899483676,-0.6458725044002491,40.74426021174476,,,,,,,,,,
lag_levels,c2c,2.0,0.4718953950330871,0.4885168384359171,0.8590430124087409,-0.5246935470770548,35.13396504396919,,,,,,,,,,
lag_levels,c2c,3.0,0.3601606499248211,0.5280116914894697,0.9284827189279499,-0.5651181903561857,39.7838429815295,,,,,,,,,,
lag_diff_by_instrument,c2c,,,,,,,UVXY,-0.04422205609736107,,,,,,,,
lag_diff_by_instrument,c2c,,,,,,,SVXY,-0.03771057766852523,,,,,,,,
lag_diff_by_instrument,c2c,,,,,,,TECL,0.09882049755105471,,,,,,,,
lag_diff_by_instrument,c2c,,,,,,,TECS,0.037950615428504836,,,,,,,,
lag_diff_by_instrument,c2c,,,,,,,SOXL,0.2632361920831805,,,,,,,,
lag_diff_by_instrument,c2c,,,,,,,SOXS,0.06276089290989881,,,,,,,,
lag_diff_by_instrument,c2c,,,,,,,SPXL,0.14564042567277696,,,,,,,,
lag_diff_by_instrument,c2c,,,,,,,LABU,-0.16483171563518056,,,,,,,,
lag_diff_by_instrument,c2c,,,,,,,SQQQ,0.37119463110619366,,,,,,,,
lag_diff_by_instrument,c2c,,,,,,,TQQQ,0.3248765038030639,,,,,,,,
lag_diff_by_instrument,c2c,,,,,,,QLD,0.02616417854074492,,,,,,,,
lag_diff_by_instrument,c2c,,,,,,,PSQ,0.030516283765474248,,,,,,,,
lag_diff_by_instrument,c2c,,,,,,,QQQ,0.008420793206506051,,,,,,,,
lag_diff_by_instrument,c2c,,,,,,,TLT,-0.007340028337067053,,,,,,,,
lag_diff_by_instrument,c2c,,,,,,,BIL,0.000668401471579961,,,,,,,,
lag_diff_by_instrument,c2c,,,,,,,BTAL,-0.004394347883887513,,,,,,,,
lag_diff_by_instrument,c2c,,,,,,,BSV,-0.001726750173353846,,,,,,,,
lag_diff_by_year,c2c,,,,,,,,0.04480833844894205,2011.0,,,,,,,
lag_diff_by_year,c2c,,,,,,,,-0.109157980404689,2012.0,,,,,,,
lag_diff_by_year,c2c,,,,,,,,0.023355494079807415,2013.0,,,,,,,
lag_diff_by_year,c2c,,,,,,,,0.6357086595919641,2014.0,,,,,,,
lag_diff_by_year,c2c,,,,,,,,0.13466714287619827,2015.0,,,,,,,
lag_diff_by_year,c2c,,,,,,,,-0.20022237209265026,2016.0,,,,,,,
lag_diff_by_year,c2c,,,,,,,,-0.6348443194043052,2017.0,,,,,,,
lag_diff_by_year,c2c,,,,,,,,0.3828732008139814,2018.0,,,,,,,
lag_diff_by_year,c2c,,,,,,,,-0.13863562081788394,2019.0,,,,,,,
lag_diff_by_year,c2c,,,,,,,,1.0299889018552864,2020.0,,,,,,,
lag_diff_by_year,c2c,,,,,,,,-0.058517505203047104,2021.0,,,,,,,
lag_concentration,c2c,,,,,,,,,,1.1400102690837266,0.854668643600942,2472.0,,,,
lag_top_sessions,c2c,,,,,,,,,,,,,2020-03-16,0.448470492651719,TECL=0.50; TQQQ=0.25; SOXL=0.25,
lag_top_sessions,c2c,,,,,,,,,,,,,2014-07-17,0.21442044019479078,TQQQ=0.46; SOXL=0.29; TECL=0.16; SVXY=0.08,
lag_top_sessions,c2c,,,,,,,,,,,,,2020-02-24,0.19416586158740268,TQQQ=0.38; UVXY=0.25; SOXL=0.13; TECS=0.08; SOXS=0.08; SQQQ=0.08,
lag_top_sessions,c2c,,,,,,,,,,,,,2020-07-13,-0.1773407150057339,UVXY=0.83; BIL=0.08; BTAL=0.04,
lag_top_sessions,c2c,,,,,,,,,,,,,2016-06-24,0.163356290350829,SOXL=0.26; BSV=0.25; TQQQ=0.21; TECL=0.11; SVXY=0.08,
lag_top_sessions,c2c,,,,,,,,,,,,,2020-03-17,0.15158357437086545,SQQQ=0.25; PSQ=0.25; TECL=0.08; SVXY=0.08; SOXL=0.08,
lag_top_sessions,c2c,,,,,,,,,,,,,2017-05-19,-0.14823679766655262,TQQQ=0.38; SQQQ=0.21; SOXL=0.13; TLT=0.13; SOXS=0.08; TECS=0.02,
lag_top_sessions,c2c,,,,,,,,,,,,,2020-03-13,0.14066816318983844,SQQQ=0.50; SVXY=0.08; TECL=0.08; SOXL=0.08,
lag_top_sessions,c2c,,,,,,,,,,,,,2012-04-09,0.13595736400251401,TQQQ=0.46; SOXL=0.29; TECL=0.17; SVXY=0.08,
lag_top_sessions,c2c,,,,,,,,,,,,,2016-06-28,-0.13269017751234913,SOXL=0.29; BSV=0.25; TQQQ=0.21; TECL=0.13; SVXY=0.08,
lag_diff_by_sleeve,c2c,,,,,,,,-0.277468350145166,,,,,,,,T10
lag_diff_by_sleeve,c2c,,,,,,,,0.7627887761057282,,,,,,,,T11
lag_diff_by_sleeve,c2c,,,,,,,,1.3154730669916725,,,,,,,,S2
lag_diff_by_sleeve,c2c,,,,,,,,2.314788035951591,,,,,,,,S3
lag_levels,o2o,1.0,0.5218447451814521,0.48822011128306214,1.3817013060244996,-0.5306024012913018,37.87437898045862,,,,,,,,,,
lag_levels,o2o,2.0,0.3150488651993313,0.5007431310791549,0.7381523120792618,-0.6141112532716778,39.26203845881263,,,,,,,,,,
lag_levels,o2o,3.0,0.3462267330178508,0.5103042496649494,0.7998976732961475,-0.6019904927595888,39.39445206899084,,,,,,,,,,
lag_diff_by_instrument,o2o,,,,,,,UVXY,-1.0944301329835735,,,,,,,,
lag_diff_by_instrument,o2o,,,,,,,SVXY,-0.102716447651583,,,,,,,,
lag_diff_by_instrument,o2o,,,,,,,TECL,0.124494599939723,,,,,,,,
lag_diff_by_instrument,o2o,,,,,,,TECS,-0.010366683428732856,,,,,,,,
lag_diff_by_instrument,o2o,,,,,,,SOXL,-0.2122254720119252,,,,,,,,
lag_diff_by_instrument,o2o,,,,,,,SOXS,0.04637454198765964,,,,,,,,
lag_diff_by_instrument,o2o,,,,,,,SPXL,-0.0939117452231433,,,,,,,,
lag_diff_by_instrument,o2o,,,,,,,LABU,0.36589032504667884,,,,,,,,
lag_diff_by_instrument,o2o,,,,,,,SQQQ,-0.16052899672260412,,,,,,,,
lag_diff_by_instrument,o2o,,,,,,,TQQQ,-0.22386762382474457,,,,,,,,
lag_diff_by_instrument,o2o,,,,,,,QLD,-0.022878764940718124,,,,,,,,
lag_diff_by_instrument,o2o,,,,,,,PSQ,-0.006527562396607206,,,,,,,,
lag_diff_by_instrument,o2o,,,,,,,QQQ,0.03509221628007253,,,,,,,,
lag_diff_by_instrument,o2o,,,,,,,TLT,0.01009392199373269,,,,,,,,
lag_diff_by_instrument,o2o,,,,,,,BIL,-0.00031589966860156833,,,,,,,,
lag_diff_by_instrument,o2o,,,,,,,BTAL,0.008412136729158097,,,,,,,,
lag_diff_by_instrument,o2o,,,,,,,BSV,0.00010821510206968869,,,,,,,,
lag_diff_by_year,o2o,,,,,,,,-0.06366703458574602,2011.0,,,,,,,
lag_diff_by_year,o2o,,,,,,,,-0.4632816766737068,2012.0,,,,,,,
lag_diff_by_year,o2o,,,,,,,,-0.094429536300356,2013.0,,,,,,,
lag_diff_by_year,o2o,,,,,,,,-0.14829052810152377,2014.0,,,,,,,
lag_diff_by_year,o2o,,,,,,,,-0.31086448805187294,2015.0,,,,,,,
lag_diff_by_year,o2o,,,,,,,,0.03721897348973929,2016.0,,,,,,,
lag_diff_by_year,o2o,,,,,,,,-0.3175013758455456,2017.0,,,,,,,
lag_diff_by_year,o2o,,,,,,,,-0.26335661657993126,2018.0,,,,,,,
lag_diff_by_year,o2o,,,,,,,,-0.03881464527921907,2019.0,,,,,,,
lag_diff_by_year,o2o,,,,,,,,0.3621304956123472,2020.0,,,,,,,
lag_diff_by_year,o2o,,,,,,,,-0.036446939457324024,2021.0,,,,,,,
lag_concentration,o2o,,,,,,,,,,-1.376013467787209,-0.08475562537889741,2472.0,,,,
lag_top_sessions,o2o,,,,,,,,,,,,,2020-03-16,0.24956142560794536,TECL=0.50; TQQQ=0.25; SOXL=0.25,
lag_top_sessions,o2o,,,,,,,,,,,,,2020-06-15,0.21494510078078166,TQQQ=0.46; SOXL=0.29; TECL=0.17; SVXY=0.08,
lag_top_sessions,o2o,,,,,,,,,,,,,2020-02-24,0.20736720731684133,TQQQ=0.38; UVXY=0.25; SOXL=0.13; SOXS=0.08; SQQQ=0.08; TECS=0.03,
lag_top_sessions,o2o,,,,,,,,,,,,,2020-07-15,-0.18927918640710917,TQQQ=0.46; SOXL=0.29; TECL=0.17; SVXY=0.08,
lag_top_sessions,o2o,,,,,,,,,,,,,2021-07-19,0.16763020148896013,TQQQ=0.46; UVXY=0.25; SOXL=0.21; TECL=0.08,
lag_top_sessions,o2o,,,,,,,,,,,,,2012-08-27,-0.1435211642864831,TQQQ=0.46; SOXL=0.29; TECL=0.17; SVXY=0.08,
lag_top_sessions,o2o,,,,,,,,,,,,,2018-04-05,-0.13686480209005336,TQQQ=0.46; SOXL=0.21; TLT=0.13; SQQQ=0.13; TECL=0.08,
lag_top_sessions,o2o,,,,,,,,,,,,,2020-09-08,0.12961652123503764,TQQQ=0.46; SOXL=0.29; TECL=0.17; SVXY=0.08,
lag_top_sessions,o2o,,,,,,,,,,,,,2012-02-27,-0.11962916449620087,UVXY=0.84; BIL=0.08,
lag_top_sessions,o2o,,,,,,,,,,,,,2012-04-09,0.11803968563477063,TQQQ=0.46; SOXL=0.29; TECL=0.17; SVXY=0.08,
lag_diff_by_sleeve,o2o,,,,,,,,0.5582914171326436,,,,,,,,T10
lag_diff_by_sleeve,o2o,,,,,,,,-2.8814327892622784,,,,,,,,T11
lag_diff_by_sleeve,o2o,,,,,,,,-1.0278588019729105,,,,,,,,S2
lag_diff_by_sleeve,o2o,,,,,,,,-2.088274266465204,,,,,,,,S3
