ticker,window,n_sessions,first_date,last_date,median_dollar_volume,p10_dollar_volume,p90_dollar_volume
AGG,full,5756,2003-09-29,2026-08-14,193743627.07138062,16900738.807678223,861631311.9716644
AGG,2003,66,2003-09-29,2003-12-31,3441455.1025390625,1687134.999847412,7183895.481109619
AGG,2004,252,2004-01-02,2004-12-31,5127622.038269043,2459803.289337158,14338221.179656982
AGG,2005,252,2005-01-03,2005-12-30,12354190.27671814,7407768.09928894,27018877.9827118
AGG,2006,251,2006-01-03,2006-12-29,18961150.0,11894772.407531738,36609382.777404785
AGG,2007,251,2007-01-03,2007-12-31,32027940.489196777,21851391.6015625,71860633.90731812
AGG,2008,253,2008-01-02,2008-12-31,51719416.554260254,35823542.802734375,85268452.11334229
AGG,2009,252,2009-01-02,2009-12-31,57987441.15219116,44441155.61706543,93400079.57397462
AGG,2010,252,2010-01-04,2010-12-31,72814606.40449524,47756160.66329956,131729520.44273376
AGG,2011,252,2011-01-03,2011-12-30,90459339.37644958,54135797.871780396,168629556.03576663
AGG,2012,250,2012-01-03,2012-12-31,101907207.94525146,58343848.48617554,205174780.5899048
AGG,2013,252,2013-01-02,2013-12-31,107071630.98373413,61778490.01831055,204846351.82800296
AGG,2014,252,2014-01-02,2014-12-31,123286188.2938385,69264341.924057,284483830.5182648
AGG,2015,252,2015-01-02,2015-12-31,214425257.74650574,129662792.01850891,440253497.2322846
AGG,2016,252,2016-01-04,2016-12-30,294384464.6286011,191650390.38208008,460854116.1732483
AGG,2017,251,2017-01-03,2017-12-29,251916097.29995728,173073685.1852417,415743975.0
AGG,2018,251,2018-01-02,2018-12-31,361033971.33636475,232600645.3857422,778264081.1088562
AGG,2019,252,2019-01-02,2019-12-31,414574225.8544922,257567821.75086975,762056732.8353883
AGG,2020,253,2020-01-02,2020-12-31,624997821.0754395,416104125.62423706,1307980562.2131348
AGG,2021,252,2021-01-04,2021-12-31,647614370.5219269,427766727.8464508,977881319.6777344
AGG,2022,251,2022-01-03,2022-12-30,820427799.5544434,553455303.0776978,1233162109.7465515
AGG,2023,250,2023-01-03,2023-12-29,724787449.2012024,476175273.0519867,1135056038.3088684
AGG,2024,252,2024-01-02,2024-12-31,747234892.8020477,488332979.042511,1185800011.580429
AGG,2025,250,2025-01-02,2025-12-31,764285375.453186,546015754.9182129,1232164871.8795776
AGG,2026,155,2026-01-02,2026-08-14,861534841.8998718,580315893.5037231,1387728795.0708008
BIL,full,4834,2007-05-30,2026-08-14,55978731.37836456,7876169.980812073,711624725.2638245
BIL,2007,150,2007-05-30,2007-12-31,1961952.0065307617,347872.21298217773,11022389.872550962
BIL,2008,253,2008-01-02,2008-12-31,5683292.867660522,1906430.3521728516,18817008.22479248
BIL,2009,252,2009-01-02,2009-12-31,14322028.593826294,7831501.409797668,40104827.38887787
BIL,2010,252,2010-01-04,2010-12-31,17299204.42428589,7794192.46673584,62664840.34080507
BIL,2011,252,2011-01-03,2011-12-30,26471496.619033813,8111013.941001892,97192475.09353638
BIL,2012,250,2012-01-03,2012-12-31,18978673.664283752,7800068.933830261,76567203.9028549
BIL,2013,252,2013-01-02,2013-12-31,16006578.111076355,7547781.318664551,57833798.68682861
BIL,2014,252,2014-01-02,2014-12-31,16954950.0,6842923.136482239,83610458.35529329
BIL,2015,252,2015-01-02,2015-12-31,31480499.71294403,10979125.591506958,122664286.04782106
BIL,2016,252,2016-01-04,2016-12-30,38866573.03771973,12661108.477287292,120501889.45335388
BIL,2017,251,2017-01-03,2017-12-29,23220170.387649536,11189807.775878906,52776992.47169495
BIL,2018,251,2018-01-02,2018-12-31,69212510.23101807,25121320.837402344,256154797.97973633
BIL,2019,252,2019-01-02,2019-12-31,127413604.21104431,66983675.47393799,303179155.71990967
BIL,2020,253,2020-01-02,2020-12-31,184251713.84277344,90185259.57763672,562870468.5522463
BIL,2021,252,2021-01-04,2021-12-31,86220865.9198761,54749158.937072754,171439414.52064517
BIL,2022,251,2022-01-03,2022-12-30,400997404.0649414,168276915.56167603,861046088.7023926
BIL,2023,250,2023-01-03,2023-12-29,624714463.7676239,416115434.0890503,1142996029.4245148
BIL,2024,252,2024-01-02,2024-12-31,552413130.2585602,409013332.8126526,1006237058.3686066
BIL,2025,250,2025-01-02,2025-12-31,762665978.8021088,563914266.0765839,1601565293.346405
BIL,2026,155,2026-01-02,2026-08-14,844229791.8273926,606972982.8240967,1452337000.053711
BND,full,4869,2007-04-10,2026-08-14,172548656.3835144,29230375.80032349,549933433.9761353
BND,2007,185,2007-04-10,2007-12-31,5039463.858795166,2424068.8333129883,11061849.43862915
BND,2008,253,2008-01-02,2008-12-31,13548600.0,7708930.975646973,26575459.585571293
BND,2009,252,2009-01-02,2009-12-31,34969761.70425415,23243427.98286438,56232135.03410339
BND,2010,252,2010-01-04,2010-12-31,50552651.84211731,35477727.09686279,99104112.18734741
BND,2011,252,2011-01-03,2011-12-30,80765040.95458984,45761354.899749756,161556608.65516663
BND,2012,250,2012-01-03,2012-12-31,90977062.32528687,60701245.658569336,174438325.72174072
BND,2013,252,2013-01-02,2013-12-31,89503399.67346191,61175094.296951294,159588432.53746033
BND,2014,252,2014-01-02,2014-12-31,137399271.77696228,66970219.32594299,326021623.69506836
BND,2015,252,2015-01-02,2015-12-31,145757462.80937195,82216246.6090393,353458728.7094116
BND,2016,252,2016-01-04,2016-12-30,152080801.94473267,108483354.7795105,251121905.31829834
BND,2017,251,2017-01-03,2017-12-29,146715300.0,108561185.22644043,227606875.151062
BND,2018,251,2018-01-02,2018-12-31,176526355.52444458,115064154.44488525,296438033.8630676
BND,2019,252,2019-01-02,2019-12-31,217340473.90785217,143250615.550766,344688308.1448365
BND,2020,253,2020-01-02,2020-12-31,395476960.42785645,262970704.56054688,698552397.8009034
BND,2021,252,2021-01-04,2021-12-31,463802941.5534973,356869886.4541626,651938104.7801208
BND,2022,251,2022-01-03,2022-12-30,508526890.6059265,328815888.17596436,720335421.5202332
BND,2023,250,2023-01-03,2023-12-29,373957150.749588,280816247.901001,606005561.6486357
BND,2024,252,2024-01-02,2024-12-31,423756156.2599182,304395240.9220886,639768976.6804504
BND,2025,250,2025-01-02,2025-12-31,486814688.5875702,355532048.45314026,661860284.2652893
BND,2026,155,2026-01-02,2026-08-14,610543270.1919556,435391562.4194336,873606968.0786132
BSV,full,4869,2007-04-10,2026-08-14,92683708.55560303,15005850.126342773,246198226.6627502
BSV,2007,185,2007-04-10,2007-12-31,3096884.937286377,1346921.571044922,6551825.854797361
BSV,2008,253,2008-01-02,2008-12-31,6988825.807952881,3948280.9313964844,14517619.335937504
BSV,2009,252,2009-01-02,2009-12-31,20739752.659225464,12095171.72241211,38875102.581329346
BSV,2010,252,2010-01-04,2010-12-31,36553936.72332764,25568339.283599854,59124891.82006837
BSV,2011,252,2011-01-03,2011-12-30,41510285.01434326,25427983.95301819,79158501.56234741
BSV,2012,250,2012-01-03,2012-12-31,41710966.565704346,28018158.001098633,74499311.21383666
BSV,2013,252,2013-01-02,2013-12-31,68464614.32495117,47940028.24203491,120703805.6616211
BSV,2014,252,2014-01-02,2014-12-31,73432962.28599548,45169461.86714172,127765025.57128906
BSV,2015,252,2015-01-02,2015-12-31,81263585.0643158,48367632.82104492,148487389.5300293
BSV,2016,252,2016-01-04,2016-12-30,94964118.87359619,61688664.06616211,178831529.79423523
BSV,2017,251,2017-01-03,2017-12-29,92683708.55560303,64343954.28161621,161300939.65148926
BSV,2018,251,2018-01-02,2018-12-31,110666248.8647461,66680962.92114258,262108960.24169922
BSV,2019,252,2019-01-02,2019-12-31,113081290.87142944,64873702.67166138,224391073.3154297
BSV,2020,253,2020-01-02,2020-12-31,142381597.90039062,98737089.38690186,311404762.2215272
BSV,2021,252,2021-01-04,2021-12-31,191219135.521698,126351827.09243774,308219567.29011536
BSV,2022,251,2022-01-03,2022-12-30,265804855.73120117,165898410.65597534,470520489.6499634
BSV,2023,250,2023-01-03,2023-12-29,167438517.7974701,111452566.79702759,327921285.7891846
BSV,2024,252,2024-01-02,2024-12-31,124661138.95187378,90283354.48631287,223825464.97138977
BSV,2025,250,2025-01-02,2025-12-31,153690960.72769165,105026344.40765381,320605058.6721039
BSV,2026,155,2026-01-02,2026-08-14,180694567.94815063,130654898.77807617,313833788.78265375
BTAL,full,3752,2011-09-13,2026-08-14,598653.9900779724,2050.699996948242,10237757.884960175
BTAL,2011,77,2011-09-13,2011-12-30,44194.00043487549,1367.9999542236342,336312.7946853638
BTAL,2012,250,2012-01-03,2012-12-31,54961.999225616455,4209.999847412109,898367.9852294922
BTAL,2013,252,2013-01-02,2013-12-31,13660.000038146973,0.0,398215.3135108948
BTAL,2014,252,2014-01-02,2014-12-31,13656.999492645264,0.0,319328.4065437317
BTAL,2015,252,2015-01-02,2015-12-31,9537.499904632568,0.0,481691.4814186097
BTAL,2016,252,2016-01-04,2016-12-30,329481.49251937866,34993.00024032593,1167918.395023346
BTAL,2017,251,2017-01-03,2017-12-29,20299.999237060547,0.0,117391.99867248535
BTAL,2018,251,2018-01-02,2018-12-31,22417.99907684326,0.0,557796.0216522217
BTAL,2019,252,2019-01-02,2019-12-31,1065067.9908752441,291675.2996635437,3811420.8128356934
BTAL,2020,253,2020-01-02,2020-12-31,2526164.966583252,851222.3831176759,9193461.246948244
BTAL,2021,252,2021-01-04,2021-12-31,613119.9892997742,209887.6026725769,2438035.2352142334
BTAL,2022,251,2022-01-03,2022-12-30,4517750.04863739,895594.0227508545,14748887.833213806
BTAL,2023,250,2023-01-03,2023-12-29,5915087.273025513,2619390.4359817505,15497061.084442137
BTAL,2024,252,2024-01-02,2024-12-31,4723434.009742737,2345350.281906128,14559374.513511658
BTAL,2025,250,2025-01-02,2025-12-31,9338214.378070831,4180700.11138916,29950915.236768715
BTAL,2026,155,2026-01-02,2026-08-14,8851584.114074707,4485785.990695953,19198027.95305252
FAS,full,4460,2008-11-19,2026-08-14,143685006.67114258,55061701.29306793,962711968.5888973
FAS,2008,29,2008-11-19,2008-12-31,157341112.2553711,49371604.8684082,275740847.2550171
FAS,2009,252,2009-01-02,2009-12-31,1906212061.3664246,635124340.7567585,3097440768.067383
FAS,2010,252,2010-01-04,2010-12-31,1150507741.7940903,589144947.423523,2671370370.0983276
FAS,2011,252,2011-01-03,2011-12-30,715426156.669693,415483772.7642288,1082452435.4399757
FAS,2012,250,2012-01-03,2012-12-31,594767476.2313843,301656882.7869415,949168280.0709343
FAS,2013,252,2013-01-02,2013-12-31,393442576.7391205,255680276.6190338,639852479.9102784
FAS,2014,252,2014-01-02,2014-12-31,214572743.45703125,117428407.46322632,508281955.8574677
FAS,2015,252,2015-01-02,2015-12-31,126691592.79708862,77541124.71193314,224944711.12689972
FAS,2016,252,2016-01-04,2016-12-30,101353937.5,59524098.36099625,187008603.44610214
FAS,2017,251,2017-01-03,2017-12-29,105941548.6907959,64461824.572753906,178594843.3456421
FAS,2018,251,2018-01-02,2018-12-31,107210269.43206787,53580282.42645264,181006980.85403442
FAS,2019,252,2019-01-02,2019-12-31,56696093.97354126,28430265.278396606,103304278.07899475
FAS,2020,253,2020-01-02,2020-12-31,120035701.06277466,63910280.65490723,248512160.31288147
FAS,2021,252,2021-01-04,2021-12-31,185541930.1109314,116730757.31552124,287457987.90763855
FAS,2022,251,2022-01-03,2022-12-30,122491668.33267212,60281173.93798828,244429416.87202454
FAS,2023,250,2023-01-03,2023-12-29,62234197.308921814,33371583.314743042,137768001.0884857
FAS,2024,252,2024-01-02,2024-12-31,65840382.23800659,41977610.8216095,121403331.2864685
FAS,2025,250,2025-01-02,2025-12-31,92246824.81384277,58477847.76306152,160568891.98745728
FAS,2026,155,2026-01-02,2026-08-14,94037579.25415039,59905473.62060547,157442344.71405026
IBB,full,6414,2001-02-12,2026-08-14,149081009.3673706,26941622.900962833,470738109.4802856
IBB,2001,220,2001-02-12,2001-12-31,5747768.830776215,811910.9035491943,28310288.662147515
IBB,2002,252,2002-01-02,2002-12-31,26643069.26136017,7734817.236442566,54375982.40592957
IBB,2003,252,2003-01-02,2003-12-31,24824548.767471313,9457061.988315582,64248773.38176727
IBB,2004,252,2004-01-02,2004-12-31,48856024.24736023,21517488.153305054,97263083.40465546
IBB,2005,252,2005-01-03,2005-12-30,62965200.50611496,33167386.42747879,124584586.337986
IBB,2006,251,2006-01-03,2006-12-29,85910800.36067963,46257877.74353027,162310907.963562
IBB,2007,251,2007-01-03,2007-12-31,95951953.09753418,48569559.78240967,176939400.80738068
IBB,2008,253,2008-01-02,2008-12-31,89488602.81085968,44197889.72476959,202225458.98460397
IBB,2009,252,2009-01-02,2009-12-31,56071466.194438934,28572891.280403137,112001274.48629384
IBB,2010,252,2010-01-04,2010-12-31,51303036.763858795,26255765.633754734,99556990.74766159
IBB,2011,252,2011-01-03,2011-12-30,45430681.61916733,21450560.174560547,100682159.53903198
IBB,2012,250,2012-01-03,2012-12-31,60997081.27498627,32718109.37187195,126972599.84012602
IBB,2013,252,2013-01-02,2013-12-31,110576663.99459839,54275413.45436096,241739062.99438477
IBB,2014,252,2014-01-02,2014-12-31,343787894.52552795,201071042.18399048,727113102.3468019
IBB,2015,252,2015-01-02,2015-12-31,578837963.2369995,324680153.67141724,1200927270.4513552
IBB,2016,252,2016-01-04,2016-12-30,452204191.7953491,259461852.32391357,904597929.0783694
IBB,2017,251,2017-01-03,2017-12-29,275305560.70861816,169535743.65234375,520511287.80670166
IBB,2018,251,2018-01-02,2018-12-31,244121533.152771,150496591.29943848,429098911.2030029
IBB,2019,252,2019-01-02,2019-12-31,233922228.37219238,144328090.09757996,411561633.95172125
IBB,2020,253,2020-01-02,2020-12-31,396901217.86499023,239977784.12246704,679019262.8549196
IBB,2021,252,2021-01-04,2021-12-31,409653964.5561218,237792344.60357666,714690861.8556213
IBB,2022,251,2022-01-03,2022-12-30,263437750.0,170831702.1560669,464976939.97802734
IBB,2023,250,2023-01-03,2023-12-29,189359806.37817383,142452909.16381836,318210087.50076294
IBB,2024,252,2024-01-02,2024-12-31,182551449.5361328,114827948.42697144,302914076.26190186
IBB,2025,250,2025-01-02,2025-12-31,227236131.57539368,129331822.03170776,394308512.70339966
IBB,2026,155,2026-01-02,2026-08-14,276029313.03253174,174409561.49719238,425703323.8272095
IEF,full,6050,2002-07-30,2026-08-14,127866073.73046875,11977229.267578123,838397221.0372927
IEF,2002,108,2002-07-30,2002-12-31,6918005.32913208,2741163.5527038574,16915457.801513672
IEF,2003,252,2003-01-02,2003-12-31,9667198.38256836,3940825.270843506,23736662.763977055
IEF,2004,252,2004-01-02,2004-12-31,12324536.779022217,5329376.608886719,34721842.0175171
IEF,2005,252,2005-01-03,2005-12-30,13309381.160736084,6369403.841552734,33474306.37001038
IEF,2006,251,2006-01-03,2006-12-29,13100893.455505371,6836447.817993164,28425241.047668457
IEF,2007,251,2007-01-03,2007-12-31,18939867.601013184,11453493.490600586,42721901.06506348
IEF,2008,253,2008-01-02,2008-12-31,31171305.530548096,17932770.693359375,67858243.0206299
IEF,2009,252,2009-01-02,2009-12-31,41316366.45812988,23012251.902923584,75277340.69305421
IEF,2010,252,2010-01-04,2010-12-31,57828023.192596436,27694584.324264526,125964895.03059387
IEF,2011,252,2011-01-03,2011-12-30,97921196.91009521,53786395.962905884,190560290.60211185
IEF,2012,250,2012-01-03,2012-12-31,78209727.37731934,40474777.47161865,162054019.29176328
IEF,2013,252,2013-01-02,2013-12-31,76603616.78466797,40636585.8795166,187283784.53063965
IEF,2014,252,2014-01-02,2014-12-31,102393559.60083008,49815071.59111023,245863063.73680118
IEF,2015,252,2015-01-02,2015-12-31,157359452.96974182,88064259.59892273,311071032.46231085
IEF,2016,252,2016-01-04,2016-12-30,193880080.15556335,113106201.83654785,437676886.84478766
IEF,2017,251,2017-01-03,2017-12-29,183663619.140625,103870197.90649414,337090446.9711304
IEF,2018,251,2018-01-02,2018-12-31,311467379.0664673,170842829.03900146,611605220.500946
IEF,2019,252,2019-01-02,2019-12-31,416824257.8365326,225739804.90997314,912110158.6884309
IEF,2020,253,2020-01-02,2020-12-31,424231661.8713379,237243576.84783936,1095719793.8537602
IEF,2021,252,2021-01-04,2021-12-31,828388738.8954163,504027528.6135864,1393482243.8494873
IEF,2022,251,2022-01-03,2022-12-30,690008086.2533569,371950693.17092896,1271775668.6325073
IEF,2023,250,2023-01-03,2023-12-29,726067799.6528625,430478644.7011566,1357571918.8775635
IEF,2024,252,2024-01-02,2024-12-31,634803104.442215,400027225.2026367,1102018828.9891815
IEF,2025,250,2025-01-02,2025-12-31,700768312.4156952,445042544.15466315,1134383173.0973053
IEF,2026,155,2026-01-02,2026-08-14,712616093.309021,417345768.5658264,1262957231.046753
IOO,full,6457,2000-12-08,2026-08-14,3444011.8286132812,625671.9885253906,15207957.57751465
IOO,2000,15,2000-12-08,2000-12-29,80471.875,16481.25,284415.625
IOO,2001,248,2001-01-02,2001-12-31,680139.5093917847,107590.21957397461,3600850.3744506845
IOO,2002,252,2002-01-02,2002-12-31,291649.49893951416,93014.20124053955,1507923.022041321
IOO,2003,252,2003-01-02,2003-12-31,508037.5032424927,107469.9966430664,1935009.0506744394
IOO,2004,252,2004-01-02,2004-12-31,760888.0111694336,235499.00497436523,2045346.5543746948
IOO,2005,252,2005-01-03,2005-12-30,1266187.5034332275,555948.805847168,5609956.824417114
IOO,2006,251,2006-01-03,2006-12-29,1559952.0126342773,769776.0375976562,4782501.039123535
IOO,2007,251,2007-01-03,2007-12-31,4734028.018188477,1612637.026977539,15491621.598815918
IOO,2008,253,2008-01-02,2008-12-31,8799014.15939331,4445504.12902832,31082640.010681167
IOO,2009,252,2009-01-02,2009-12-31,5818627.13432312,3038576.0362243652,16297629.031562807
IOO,2010,252,2010-01-04,2010-12-31,5854538.44909668,2727028.789329529,13584332.04826355
IOO,2011,252,2011-01-03,2011-12-30,5671918.072509766,2852100.5435943604,16399718.992347721
IOO,2012,250,2012-01-03,2012-12-31,2719575.016784668,1146755.294380188,6858324.097404479
IOO,2013,252,2013-01-02,2013-12-31,3411231.9862365723,2028611.5622711182,8735189.157485964
IOO,2014,252,2014-01-02,2014-12-31,3342905.960083008,1889329.248046875,6761030.526123047
IOO,2015,252,2015-01-02,2015-12-31,3018214.543914795,1429962.54196167,8028906.261749268
IOO,2016,252,2016-01-04,2016-12-30,2221021.0342407227,1002882.756652832,6255060.289001465
IOO,2017,251,2017-01-03,2017-12-29,1683531.037902832,929659.9578857422,4909697.102355957
IOO,2018,251,2018-01-02,2018-12-31,1753920.0576782227,753119.9951171875,7623520.274353027
IOO,2019,252,2019-01-02,2019-12-31,2219068.013381958,1060234.485321045,5096984.409599304
IOO,2020,253,2020-01-02,2020-12-31,3666259.963989258,1737772.7648925781,14249659.041061403
IOO,2021,252,2021-01-04,2021-12-31,3590519.4469451904,1715643.0797576904,12874465.930938724
IOO,2022,251,2022-01-03,2022-12-30,8222088.079833984,4522539.897155762,21525235.372161865
IOO,2023,250,2023-01-03,2023-12-29,6767476.57699585,4063291.9411468506,14140329.746246336
IOO,2024,252,2024-01-02,2024-12-31,11142423.25630188,6982790.157012939,23680851.305694584
IOO,2025,250,2025-01-02,2025-12-31,15613088.215637207,8299662.496109009,32942518.840942383
IOO,2026,155,2026-01-02,2026-08-14,21542767.126464844,12071048.656768799,49195237.778930634
KMLM,full,1431,2020-12-02,2026-08-14,1772610.0368499756,3038.800048828125,6535991.102218628
KMLM,2020,21,2020-12-02,2020-12-31,0.0,0.0,10155.599975585938
KMLM,2021,252,2021-01-04,2021-12-31,5418.000030517578,0.0,70648.25176239014
KMLM,2022,251,2022-01-03,2022-12-30,1288387.4416351318,24473.700714111328,8686083.658599854
KMLM,2023,250,2023-01-03,2023-12-29,2349195.0105667114,994556.1861801147,7160489.516582488
KMLM,2024,252,2024-01-02,2024-12-31,2140240.5186653137,1190960.0175857544,5706164.333992005
KMLM,2025,250,2025-01-02,2025-12-31,1777941.9891357422,730354.5097732544,4347198.718070984
KMLM,2026,155,2026-01-02,2026-08-14,4781347.026443481,2638912.8186035156,8940150.584907528
LABU,full,2821,2015-05-28,2026-08-14,123435200.0,60030458.45336914,326302350.0
LABU,2015,152,2015-05-28,2015-12-31,26555255.197753906,8286782.59597168,63640163.0414673
LABU,2016,252,2016-01-04,2016-12-30,113837706.14074707,69141010.24720459,178042448.3887024
LABU,2017,251,2017-01-03,2017-12-29,83831491.9128418,48421138.351745605,134961556.11206055
LABU,2018,251,2018-01-02,2018-12-31,109090525.0,61997310.0,217400190.12573242
LABU,2019,252,2019-01-02,2019-12-31,107115260.78460693,62169180.85205078,196821169.72778326
LABU,2020,253,2020-01-02,2020-12-31,103281090.0,67456894.64746094,170470645.5239258
LABU,2021,252,2021-01-04,2021-12-31,177818175.62683105,124682942.15625,273139022.99679565
LABU,2022,251,2022-01-03,2022-12-30,385147035.19699097,278140544.4306946,507786708.8026428
LABU,2023,250,2023-01-03,2023-12-29,188100736.6381073,109580324.90697098,345470660.0
LABU,2024,252,2024-01-02,2024-12-31,179829468.02330017,94296732.77870178,395054732.2971344
LABU,2025,250,2025-01-02,2025-12-31,97298155.03196716,63489912.65167236,159464035.080719
LABU,2026,155,2026-01-02,2026-08-14,102887780.47485352,71789904.4921875,161150121.6064453
PSQ,full,5069,2006-06-21,2026-08-14,29427110.0,5855034.216125488,290701950.11608887
PSQ,2006,134,2006-06-21,2006-12-29,5342584.586791992,2300873.9384765625,12717875.323486328
PSQ,2007,251,2007-01-03,2007-12-31,3523211.9299316406,1526843.9685058594,10567059.412841797
PSQ,2008,253,2008-01-02,2008-12-31,9397233.626708984,3271601.704101563,29664227.359619144
PSQ,2009,252,2009-01-02,2009-12-31,14366816.083984375,6948407.832824707,38179466.29931641
PSQ,2010,252,2010-01-04,2010-12-31,13938244.602508545,5651662.559417725,33442416.365112312
PSQ,2011,252,2011-01-03,2011-12-30,25697778.524475098,10813871.5,61011547.60418702
PSQ,2012,250,2012-01-03,2012-12-31,19108368.135681152,8979579.368591309,39993802.63562012
PSQ,2013,252,2013-01-02,2013-12-31,8382793.765869141,3986656.0,20333229.23352051
PSQ,2014,252,2014-01-02,2014-12-31,11805265.630722046,5196276.957183838,42527165.85000612
PSQ,2015,252,2015-01-02,2015-12-31,15179073.020019531,7394984.542358398,34737473.175048836
PSQ,2016,252,2016-01-04,2016-12-30,25372143.562316895,13544101.454956055,61500937.688537605
PSQ,2017,251,2017-01-03,2017-12-29,15514252.249450684,8584047.705078125,30001723.08166504
PSQ,2018,251,2018-01-02,2018-12-31,43343365.220336914,22333980.905151367,162876198.7347412
PSQ,2019,252,2019-01-02,2019-12-31,54592721.45095825,27690359.070129395,109526254.25961304
PSQ,2020,253,2020-01-02,2020-12-31,83815646.4465332,35030940.499816895,249924471.1467897
PSQ,2021,252,2021-01-04,2021-12-31,70091896.97425842,37272868.64311981,134909950.70300296
PSQ,2022,251,2022-01-03,2022-12-30,331983175.7092285,198911524.91775513,501353795.69732666
PSQ,2023,250,2023-01-03,2023-12-29,350447645.6603241,234086978.9230347,521780663.40618896
PSQ,2024,252,2024-01-02,2024-12-31,143671080.9267044,83149751.66095734,257702970.17292023
PSQ,2025,250,2025-01-02,2025-12-31,182868491.60232544,106107385.9375763,355567775.4085541
PSQ,2026,155,2026-01-02,2026-08-14,287477444.3546295,154518940.8506012,471689916.7071532
QLD,full,5069,2006-06-21,2026-08-14,215841894.30541992,77382971.4364624,609250836.4053344
QLD,2006,134,2006-06-21,2006-12-29,26860176.77001953,10995249.44229126,56168063.36326599
QLD,2007,251,2007-01-03,2007-12-31,135074201.27868652,53967887.56027222,475146850.2624512
QLD,2008,253,2008-01-02,2008-12-31,1130707430.8944702,712691244.4303894,1700979622.6429749
QLD,2009,252,2009-01-02,2009-12-31,616680436.7460251,363254749.7912979,936198322.8035355
QLD,2010,252,2010-01-04,2010-12-31,397502264.09339905,275738651.235199,643782144.2781067
QLD,2011,252,2011-01-03,2011-12-30,336652902.1961212,230332531.9506836,530956129.63867193
QLD,2012,250,2012-01-03,2012-12-31,200755111.7357254,121118499.27093506,392975956.5420532
QLD,2013,252,2013-01-02,2013-12-31,145736525.67939758,88809680.60306549,269229573.92585754
QLD,2014,252,2014-01-02,2014-12-31,213409046.82235718,103682145.92605591,419132643.59550476
QLD,2015,252,2015-01-02,2015-12-31,144761251.75933838,90066432.13027954,242953624.1262436
QLD,2016,252,2016-01-04,2016-12-30,89741355.33790588,55499099.742126465,159143702.68432617
QLD,2017,251,2017-01-03,2017-12-29,75840515.44876099,50309710.46447754,126099800.52947998
QLD,2018,251,2018-01-02,2018-12-31,134606655.29327393,87384194.81964111,242480353.54614258
QLD,2019,252,2019-01-02,2019-12-31,105009542.79785156,64300181.06826782,197260403.95576477
QLD,2020,253,2020-01-02,2020-12-31,199038477.1774292,111463920.76141357,335950379.4218445
QLD,2021,252,2021-01-04,2021-12-31,204021832.19909668,126460202.09403992,388406777.3246765
QLD,2022,251,2022-01-03,2022-12-30,284987914.414978,151353684.3170166,683827784.6408844
QLD,2023,250,2023-01-03,2023-12-29,225391093.1602478,158430097.85079956,369965249.8197555
QLD,2024,252,2024-01-02,2024-12-31,257399493.82476807,170979880.33218384,431695294.8303223
QLD,2025,250,2025-01-02,2025-12-31,340697645.94078064,213925830.5305481,576378314.9999999
QLD,2026,155,2026-01-02,2026-08-14,371972573.1285095,263546406.79763794,576002744.3341063
QQQ,full,6901,1999-03-10,2026-08-14,4048306801.076889,1942975687.5,19527718330.444336
QQQ,1999,207,1999-03-10,1999-12-31,757591275.0,394548646.875,1551897900.0000002
QQQ,2000,252,2000-01-03,2000-12-29,2486062125.0,1421991826.875,4062261975.0000005
QQQ,2001,248,2001-01-02,2001-12-31,3016062690.174103,1993725490.114441,3992425067.9084015
QQQ,2002,252,2002-01-02,2002-12-31,2472161027.008152,1734270893.8661575,3437538845.6145096
QQQ,2003,252,2003-01-02,2003-12-31,2262115462.2138977,1532826038.4456062,3382624354.9179077
QQQ,2004,252,2004-01-02,2004-12-31,3502402897.3176956,2563059980.6988144,4713877797.155304
QQQ,2005,252,2005-01-03,2005-12-30,3359169257.4098587,2423003373.887062,4763551530.571251
QQQ,2006,251,2006-01-03,2006-12-29,4118837096.444702,2813799009.108734,5983629650.810242
QQQ,2007,251,2007-01-03,2007-12-31,5526875732.024765,3690932387.3615265,10464834765.447235
QQQ,2008,253,2008-01-02,2008-12-31,6953418168.697357,4679710169.769211,11288901245.552902
QQQ,2009,252,2009-01-02,2009-12-31,4256683397.374916,3088184980.201378,5744843581.335754
QQQ,2010,252,2010-01-04,2010-12-31,3735968946.561432,2398168191.3267517,6193780108.423805
QQQ,2011,252,2011-01-03,2011-12-30,3405734040.3511047,2318433614.3174744,5300150299.719467
QQQ,2012,250,2012-01-03,2012-12-31,2733690023.0342865,1767801841.4533997,4065525399.9497223
QQQ,2013,252,2013-01-02,2013-12-31,2131663232.1224213,1497156296.5534973,3368875369.4540405
QQQ,2014,252,2014-01-02,2014-12-31,3138896398.004532,2005817227.244339,5540869606.865463
QQQ,2015,252,2015-01-02,2015-12-31,3235056401.5441895,2052846891.2271118,5095797712.337494
QQQ,2016,252,2016-01-04,2016-12-30,2659116944.997406,1672827201.5093994,5006828809.747772
QQQ,2017,251,2017-01-03,2017-12-29,3392965935.0219727,1956122968.9086914,6481287376.361084
QQQ,2018,251,2018-01-02,2018-12-31,6653124202.610779,4332412721.255493,13135409376.914978
QQQ,2019,252,2019-01-02,2019-12-31,5066704951.173401,3444459994.477539,8172464745.187226
QQQ,2020,253,2020-01-02,2020-12-31,9484745318.33496,5896466836.278687,18962590174.743652
QQQ,2021,252,2021-01-04,2021-12-31,13309463495.089722,9187466423.531494,24635127041.68579
QQQ,2022,251,2022-01-03,2022-12-30,19201550205.514526,12796179523.318481,32491719851.394653
QQQ,2023,250,2023-01-03,2023-12-29,17485653550.904846,13208694276.517334,24087526823.772278
QQQ,2024,252,2024-01-02,2024-12-31,16005707484.960938,11292418329.34082,24575542004.482117
QQQ,2025,250,2025-01-02,2025-12-31,25078028283.02002,15472003000.74646,39784071312.35839
QQQ,2026,155,2026-01-02,2026-08-14,31935270983.203125,22458303625.79956,49429638255.40039
QQQE,full,3621,2012-03-21,2026-08-14,1724678.9909362793,144946.00105285645,19712028.62548828
QQQE,2012,196,2012-03-21,2012-12-31,15818.000030517578,0.0,901828.9894104004
QQQE,2013,252,2013-01-02,2013-12-31,94956.00280761719,13095.900421142578,785206.7978668214
QQQE,2014,252,2014-01-02,2014-12-31,325612.5011444092,74905.59959411621,900199.7854614259
QQQE,2015,252,2015-01-02,2015-12-31,688361.9794845581,285762.4971008301,2566997.4939727783
QQQE,2016,252,2016-01-04,2016-12-30,541135.9802246094,171199.20608520508,1812042.4600982668
QQQE,2017,251,2017-01-03,2017-12-29,888647.9553222656,438375.0,2665964.897918701
QQQE,2018,251,2018-01-02,2018-12-31,1019900.0358581543,513245.0122833252,2457378.108215332
QQQE,2019,252,2019-01-02,2019-12-31,1262125.498008728,607441.3082885742,4156581.7192840576
QQQE,2020,253,2020-01-02,2020-12-31,2600376.0177612305,1296320.4194641113,6045581.193389893
QQQE,2021,252,2021-01-04,2021-12-31,2877215.538406372,1437652.1990203857,6914293.137893679
QQQE,2022,251,2022-01-03,2022-12-30,4645393.056488037,2230180.9715270996,20370881.768798828
QQQE,2023,250,2023-01-03,2023-12-29,8924235.172271729,3696136.204071045,39043358.47557068
QQQE,2024,252,2024-01-02,2024-12-31,16504575.688552856,6952636.600570679,42487430.60081483
QQQE,2025,250,2025-01-02,2025-12-31,14161010.124969482,6564519.226150513,37725403.38409423
QQQE,2026,155,2026-01-02,2026-08-14,21318336.053466797,12004884.080200195,44425697.990112305
RYMFX,full,4901,2007-02-22,2026-08-14,0.0,0.0,0.0
RYMFX,2007,217,2007-02-22,2007-12-31,0.0,0.0,0.0
RYMFX,2008,253,2008-01-02,2008-12-31,0.0,0.0,0.0
RYMFX,2009,252,2009-01-02,2009-12-31,0.0,0.0,0.0
RYMFX,2010,252,2010-01-04,2010-12-31,0.0,0.0,0.0
RYMFX,2011,252,2011-01-03,2011-12-30,0.0,0.0,0.0
RYMFX,2012,250,2012-01-03,2012-12-31,0.0,0.0,0.0
RYMFX,2013,252,2013-01-02,2013-12-31,0.0,0.0,0.0
RYMFX,2014,252,2014-01-02,2014-12-31,0.0,0.0,0.0
RYMFX,2015,252,2015-01-02,2015-12-31,0.0,0.0,0.0
RYMFX,2016,252,2016-01-04,2016-12-30,0.0,0.0,0.0
RYMFX,2017,251,2017-01-03,2017-12-29,0.0,0.0,0.0
RYMFX,2018,251,2018-01-02,2018-12-31,0.0,0.0,0.0
RYMFX,2019,252,2019-01-02,2019-12-31,0.0,0.0,0.0
RYMFX,2020,253,2020-01-02,2020-12-31,0.0,0.0,0.0
RYMFX,2021,252,2021-01-04,2021-12-31,0.0,0.0,0.0
RYMFX,2022,251,2022-01-03,2022-12-30,0.0,0.0,0.0
RYMFX,2023,250,2023-01-03,2023-12-29,0.0,0.0,0.0
RYMFX,2024,252,2024-01-02,2024-12-31,0.0,0.0,0.0
RYMFX,2025,250,2025-01-02,2025-12-31,0.0,0.0,0.0
RYMFX,2026,155,2026-01-02,2026-08-14,0.0,0.0,0.0
SH,full,5069,2006-06-21,2026-08-14,120763340.965271,26875518.29465332,420950975.03002167
SH,2006,134,2006-06-21,2006-12-29,3246869.025756836,1292882.3937988281,8451515.0782959
SH,2007,251,2007-01-03,2007-12-31,6594159.915161133,2310375.7054748535,20676215.629577637
SH,2008,253,2008-01-02,2008-12-31,28891079.33807373,11651377.165826416,138826626.58234864
SH,2009,252,2009-01-02,2009-12-31,143420773.51382446,82723854.6551239,265233156.04517213
SH,2010,252,2010-01-04,2010-12-31,137564701.14746094,61796435.74508667,317879946.02603763
SH,2011,252,2011-01-03,2011-12-30,130964080.37471008,53526630.97694397,413176224.9765747
SH,2012,250,2012-01-03,2012-12-31,104860473.68431091,64970921.22260742,171572418.7110565
SH,2013,252,2013-01-02,2013-12-31,86509949.22255707,49551483.76117706,164999857.83876345
SH,2014,252,2014-01-02,2014-12-31,72352911.4259491,35433357.16472168,162373397.58076936
SH,2015,252,2015-01-02,2015-12-31,70555894.60899353,37618115.75692749,150023096.0
SH,2016,252,2016-01-04,2016-12-30,121825823.6536026,58527981.59637451,258960146.16218567
SH,2017,251,2017-01-03,2017-12-29,62037529.63256836,37425864.72797394,108326485.10894775
SH,2018,251,2018-01-02,2018-12-31,99692781.05163574,55195338.56277466,342212051.92012787
SH,2019,252,2019-01-02,2019-12-31,105337962.49694824,56570434.13690567,220394090.99311832
SH,2020,253,2020-01-02,2020-12-31,236746712.15438843,117840139.25437927,698350853.1806185
SH,2021,252,2021-01-04,2021-12-31,113167105.18126488,59963123.22967529,270401557.1231461
SH,2022,251,2022-01-03,2022-12-30,556572121.3996887,343622500.0,772564426.4988899
SH,2023,250,2023-01-03,2023-12-29,330256437.5,185336292.21019745,543106785.8718014
SH,2024,252,2024-01-02,2024-12-31,249873216.4821148,132816680.68922997,437720084.6185112
SH,2025,250,2025-01-02,2025-12-31,215528631.43043518,107190385.88943481,405267347.066803
SH,2026,155,2026-01-02,2026-08-14,279986482.85827637,163416784.49249268,681317389.2736814
SMH,full,6588,2000-06-05,2026-08-14,389140172.1054077,65213703.01937103,1504758882.41684
SMH,2000,146,2000-06-05,2000-12-29,36007884.375,15117300.201416016,78335659.25598145
SMH,2001,248,2001-01-02,2001-12-31,91129608.18977356,47756240.61710358,177923548.0341339
SMH,2002,252,2002-01-02,2002-12-31,182995765.02666473,98004980.58666229,309843826.9124222
SMH,2003,252,2003-01-02,2003-12-31,222297445.80726624,116126901.68626785,498811239.2077638
SMH,2004,252,2004-01-02,2004-12-31,673263465.2252197,431218752.03338623,1009279676.8445206
SMH,2005,252,2005-01-03,2005-12-30,751868289.9375916,468369733.7638855,1187570994.929428
SMH,2006,251,2006-01-03,2006-12-29,582381931.6314697,346336328.77960205,886655236.8274689
SMH,2007,251,2007-01-03,2007-12-31,386012922.7535248,231146600.37231445,667701148.1781006
SMH,2008,253,2008-01-02,2008-12-31,302169377.0641327,162304662.52166748,523850242.2489167
SMH,2009,252,2009-01-02,2009-12-31,291878273.3106613,183572014.38293457,458173889.8630905
SMH,2010,252,2010-01-04,2010-12-31,377546644.44208145,187102332.256279,625854466.8638802
SMH,2011,252,2011-01-03,2011-12-30,293218450.31967163,156798992.7986145,522734601.9735337
SMH,2012,250,2012-01-03,2012-12-31,52924426.51023865,27386899.262390137,94187104.60206985
SMH,2013,252,2013-01-02,2013-12-31,48505879.50134277,26189485.91949463,100567348.7149048
SMH,2014,252,2014-01-02,2014-12-31,82714661.91768646,38680777.721214294,184166903.41865543
SMH,2015,252,2015-01-02,2015-12-31,166719224.33776855,87813231.42230988,302578502.2723389
SMH,2016,252,2016-01-04,2016-12-30,147796999.97787476,77100716.74468994,280118155.9562683
SMH,2017,251,2017-01-03,2017-12-29,214482937.5,102659888.6680603,498520960.0822449
SMH,2018,251,2018-01-02,2018-12-31,567517121.8917847,355880601.01776123,1071344791.2719727
SMH,2019,252,2019-01-02,2019-12-31,561905331.0089111,347605253.7966919,1014205207.9902649
SMH,2020,253,2020-01-02,2020-12-31,531007620.4345703,337267814.6331787,873728250.6433108
SMH,2021,252,2021-01-04,2021-12-31,891292942.855835,594791356.6271973,1556081121.678772
SMH,2022,251,2022-01-03,2022-12-30,1155514517.3950195,633685267.9977417,2304410195.864868
SMH,2023,250,2023-01-03,2023-12-29,1005062300.2166748,649020450.0105286,1569356643.300476
SMH,2024,252,2024-01-02,2024-12-31,1626596421.382141,1037333327.2090149,2704647892.3861694
SMH,2025,250,2025-01-02,2025-12-31,1976911830.392456,1134296216.02005,3310808743.1817627
SMH,2026,155,2026-01-02,2026-08-14,4507992195.056152,2413891431.3757324,7872912308.759765
SOXL,full,4133,2010-03-11,2026-08-14,87922353.33395004,7540638.144493103,2608945503.0541234
SOXL,2010,206,2010-03-11,2010-12-31,6745947.497963905,2594540.9308075905,13782307.965517044
SOXL,2011,252,2011-01-03,2011-12-30,18658372.048079967,9928133.672833443,35471171.337246895
SOXL,2012,250,2012-01-03,2012-12-31,11311742.691904306,7198277.827119827,19612372.14975357
SOXL,2013,252,2013-01-02,2013-12-31,7282981.308996677,3498406.8643569946,13974092.120075226
SOXL,2014,252,2014-01-02,2014-12-31,10653204.154372215,4936315.482115746,26284300.20604134
SOXL,2015,252,2015-01-02,2015-12-31,14461569.561123848,7568122.680598497,25866616.57848358
SOXL,2016,252,2016-01-04,2016-12-30,12937935.133516788,7347485.534548759,21159454.104351997
SOXL,2017,251,2017-01-03,2017-12-29,34748989.46142197,16160891.897678375,87907570.01709938
SOXL,2018,251,2018-01-02,2018-12-31,105708321.8536377,62748738.238334656,167537302.66571045
SOXL,2019,252,2019-01-02,2019-12-31,128923383.97836685,78802243.50779057,216452556.8209648
SOXL,2020,253,2020-01-02,2020-12-31,280627781.34155273,188513434.40179825,421001230.68008435
SOXL,2021,252,2021-01-04,2021-12-31,610274220.0034142,377370055.182457,1022171944.5203018
SOXL,2022,251,2022-01-03,2022-12-30,1293580148.8609314,880406845.6420898,1829968703.5140991
SOXL,2023,250,2023-01-03,2023-12-29,1261313214.3920898,895730635.3077126,1778245761.0682297
SOXL,2024,252,2024-01-02,2024-12-31,2733282241.189575,1860853412.0503235,4044112327.266884
SOXL,2025,250,2025-01-02,2025-12-31,2552612322.166443,1704394119.1401672,4091976350.2636333
SOXL,2026,155,2026-01-02,2026-08-14,6611680589.942551,4171298481.4080048,13473668917.497097
SOXS,full,4133,2010-03-11,2026-08-14,0.0,0.0,1065648900.0000002
SOXS,2010,206,2010-03-11,2010-12-31,0.0,0.0,0.0
SOXS,2011,252,2011-01-03,2011-12-30,0.0,0.0,0.0
SOXS,2012,250,2012-01-03,2012-12-31,0.0,0.0,0.0
SOXS,2013,252,2013-01-02,2013-12-31,0.0,0.0,0.0
SOXS,2014,252,2014-01-02,2014-12-31,0.0,0.0,0.0
SOXS,2015,252,2015-01-02,2015-12-31,0.0,0.0,0.0
SOXS,2016,252,2016-01-04,2016-12-30,0.0,0.0,0.0
SOXS,2017,251,2017-01-03,2017-12-29,0.0,0.0,0.0
SOXS,2018,251,2018-01-02,2018-12-31,0.0,0.0,0.0
SOXS,2019,252,2019-01-02,2019-12-31,0.0,0.0,138528000.0
SOXS,2020,253,2020-01-02,2020-12-31,60948000.0,26942400.0,139982400.00000003
SOXS,2021,252,2021-01-04,2021-12-31,73734000.0,42874500.0,131520900.0
SOXS,2022,251,2022-01-03,2022-12-30,559905000.0,279423000.0,1098185400.0
SOXS,2023,250,2023-01-03,2023-12-29,687859500.0,469638480.0,1072008180.0
SOXS,2024,252,2024-01-02,2024-12-31,814674390.0,475146708.0,1600292385.0
SOXS,2025,250,2025-01-02,2025-12-31,1112800845.0,684411363.0,1800093543.0
SOXS,2026,155,2026-01-02,2026-08-14,2149738057.5,943534056.0,3974215054.499998
SPXL,full,4470,2008-11-05,2026-08-14,224992490.55919647,62756109.74887848,880786405.404968
SPXL,2008,39,2008-11-05,2008-12-31,211211776.98783875,37145651.33811951,379654327.3083687
SPXL,2009,252,2009-01-02,2009-12-31,432886826.46632195,260723367.72259712,598730162.156353
SPXL,2010,252,2010-01-04,2010-12-31,184094516.19987488,79881097.9516983,337597572.03183174
SPXL,2011,252,2011-01-03,2011-12-30,115508514.16196823,68299129.19368744,221592129.14268494
SPXL,2012,250,2012-01-03,2012-12-31,65132875.85391998,43895094.61555481,101120983.97500992
SPXL,2013,252,2013-01-02,2013-12-31,69221394.8135376,38210830.43563843,123566759.48932648
SPXL,2014,252,2014-01-02,2014-12-31,103230465.666008,61856517.957611084,179488993.85910034
SPXL,2015,252,2015-01-02,2015-12-31,116223575.49591064,66448727.09327698,206079045.34652713
SPXL,2016,252,2016-01-04,2016-12-30,115907267.18788147,65858668.29803467,209846542.72613525
SPXL,2017,251,2017-01-03,2017-12-29,61932379.428100586,34067816.85523987,110459346.6041565
SPXL,2018,251,2018-01-02,2018-12-31,184074040.50445557,98046735.50376892,380378245.1622009
SPXL,2019,252,2019-01-02,2019-12-31,194718614.72816467,121727018.74786377,331002626.6371155
SPXL,2020,253,2020-01-02,2020-12-31,500926557.60269165,265722337.71621704,1009724358.2118988
SPXL,2021,252,2021-01-04,2021-12-31,616827759.2449188,373117301.4645386,1125373244.4219208
SPXL,2022,251,2022-01-03,2022-12-30,873836223.4649658,614146358.9294434,1280668128.363037
SPXL,2023,250,2023-01-03,2023-12-29,863612867.2195435,563079754.0031433,1226938783.663559
SPXL,2024,252,2024-01-02,2024-12-31,593028461.1206055,375483413.1689453,1073391601.8699647
SPXL,2025,250,2025-01-02,2025-12-31,584560022.6341248,371932302.00927734,1182921215.998993
SPXL,2026,155,2026-01-02,2026-08-14,546085465.1672363,375010867.40112305,939647134.3988036
SPY,full,7957,1995-01-03,2026-08-14,16726307076.054382,451825014.375,39363309833.14636
SPY,1995,252,1995-01-03,1995-12-29,14976308.59375,4464590.0,33389409.375000007
SPY,1996,254,1996-01-02,1996-12-31,50614297.65625,23845012.03125,115138290.00000001
SPY,1997,253,1997-01-02,1997-12-31,218075906.25,100921377.5,539083430.0000002
SPY,1998,252,1998-01-02,1998-12-31,689436046.875,350052450.0,1391761796.25
SPY,1999,252,1999-01-04,1999-12-31,904794881.25,573298435.9375,1442847494.53125
SPY,2000,252,2000-01-03,2000-12-29,960972281.25,615342403.125,1640726469.21875
SPY,2001,248,2001-01-02,2001-12-31,1398558067.2718048,875723960.8848572,2573829501.351471
SPY,2002,252,2002-01-02,2002-12-31,2972140995.843506,1706135799.9893188,5344242588.709717
SPY,2003,252,2003-01-02,2003-12-31,3774134809.81369,2793654491.7041016,5176036644.491196
SPY,2004,252,2004-01-02,2004-12-31,4624280814.979172,3206397727.9182434,6680096545.289384
SPY,2005,252,2005-01-03,2005-12-30,7040851386.953735,5044832728.659439,10267620564.817352
SPY,2006,251,2006-01-03,2006-12-29,8646464837.542725,5661508802.772522,12407126438.433838
SPY,2007,251,2007-01-03,2007-12-31,19972728963.01117,9559038756.396484,40212775140.84625
SPY,2008,253,2008-01-02,2008-12-31,33178379863.708496,21757761188.68286,51747912366.01945
SPY,2009,252,2009-01-02,2009-12-31,21955121794.77234,14688566976.358032,31834740814.48082
SPY,2010,252,2010-01-04,2010-12-31,22572203939.064026,14497304442.750473,35844700237.86095
SPY,2011,252,2011-01-03,2011-12-30,25686743001.171112,15917062832.469635,39206304464.79492
SPY,2012,250,2012-01-03,2012-12-31,19090263566.168213,14034719300.645447,26573202601.469116
SPY,2013,252,2013-01-02,2013-12-31,18446147563.845062,13389750716.478882,27664063075.942383
SPY,2014,252,2014-01-02,2014-12-31,18718566566.184998,12641332056.213379,31668515702.67334
SPY,2015,252,2015-01-02,2015-12-31,23055193109.755707,15472109651.906738,37354326954.31183
SPY,2016,252,2016-01-04,2016-12-30,19441313332.689667,12728699532.395325,34190752546.754913
SPY,2017,251,2017-01-03,2017-12-29,15834372586.386108,11647108207.69043,24548224811.782837
SPY,2018,251,2018-01-02,2018-12-31,22732295534.30786,14634891326.80664,42260113829.008484
SPY,2019,252,2019-01-02,2019-12-31,18663938280.81665,13017988785.647888,29158217072.009586
SPY,2020,253,2020-01-02,2020-12-31,24854553230.05371,16545179866.675415,56145853735.78615
SPY,2021,252,2021-01-04,2021-12-31,27898683064.80713,19342480306.298523,46839153917.18232
SPY,2022,251,2022-01-03,2022-12-30,35047679585.998535,25099929210.864258,55941288718.38379
SPY,2023,250,2023-01-03,2023-12-29,33305895363.33008,25523092174.577026,44622773687.12219
SPY,2024,252,2024-01-02,2024-12-31,28448993515.942383,20018479619.353027,43734004251.624756
SPY,2025,250,2025-01-02,2025-12-31,42253709474.49341,26959364332.131958,62802910321.75781
SPY,2026,155,2026-01-02,2026-08-14,44084669424.835205,30462049049.5166,69179704448.53271
SQQQ,full,4152,2010-02-11,2026-08-14,264798537.5,31478400.0,3282743084.7936645
SQQQ,2010,225,2010-02-11,2010-12-31,18784000.0,0.0,37063680.0
SQQQ,2011,252,2011-01-03,2011-12-30,30520800.0,15415040.0,80303040.0
SQQQ,2012,250,2012-01-03,2012-12-31,57787400.0,22524320.0,108002960.0
SQQQ,2013,252,2013-01-02,2013-12-31,52508200.0,30020600.0,100738560.0
SQQQ,2014,252,2014-01-02,2014-12-31,150684250.0,70659480.0,331046280.0
SQQQ,2015,252,2015-01-02,2015-12-31,133903000.0,75538620.0,250310020.0
SQQQ,2016,252,2016-01-04,2016-12-30,120145000.0,60633060.0,249507680.0
SQQQ,2017,251,2017-01-03,2017-12-29,113711925.0,65008125.0,212321700.0
SQQQ,2018,251,2018-01-02,2018-12-31,246673350.0,138634925.0,676714500.0
SQQQ,2019,252,2019-01-02,2019-12-31,373198706.25,194833556.25,676316757.5
SQQQ,2020,253,2020-01-02,2020-12-31,791900820.0,383203725.0,2369382394.000001
SQQQ,2021,252,2021-01-04,2021-12-31,800981287.5,507287878.125,1459764084.7500002
SQQQ,2022,251,2022-01-03,2022-12-30,5108851692.0,2826991616.0,8558241356.0
SQQQ,2023,250,2023-01-03,2023-12-29,2771517317.5,1767400619.4,5496053274.299999
SQQQ,2024,252,2024-01-02,2024-12-31,1331119429.0,901339070.8,2078706803.223462
SQQQ,2025,250,2025-01-02,2025-12-31,2071428515.7440186,1269795805.4696808,3980440003.7595215
SQQQ,2026,155,2026-01-02,2026-08-14,2912512424.2801666,1970028739.57901,5246253498.048706
TECL,full,4433,2008-12-30,2026-08-14,39991014.327049255,4946520.363044739,165119341.76956177
TECL,2008,2,2008-12-30,2008-12-31,845238.3990287781,605687.6944541931,1084789.103603363
TECL,2009,252,2009-01-02,2009-12-31,28453188.121795654,3914492.4951553345,60424456.46619797
TECL,2010,252,2010-01-04,2010-12-31,45059660.457253456,21243741.74530506,87578164.64767456
TECL,2011,252,2011-01-03,2011-12-30,39882923.15220833,20710053.383731842,79635506.76085949
TECL,2012,250,2012-01-03,2012-12-31,16575737.776517868,7610561.512136459,42728525.09827614
TECL,2013,252,2013-01-02,2013-12-31,5451008.990526199,2764447.5949287415,11079938.622522354
TECL,2014,252,2014-01-02,2014-12-31,5938047.581672668,3036831.964302063,12289457.110977175
TECL,2015,252,2015-01-02,2015-12-31,6923302.60014534,3445367.1615600586,14161881.187343597
TECL,2016,252,2016-01-04,2016-12-30,4857280.624866486,2096975.8091926575,9408692.092752459
TECL,2017,251,2017-01-03,2017-12-29,9586375.0,5612188.081741333,18476418.431282043
TECL,2018,251,2018-01-02,2018-12-31,30047884.86099243,18351009.561538696,59356287.96386719
TECL,2019,252,2019-01-02,2019-12-31,40015387.06302643,23518459.600830078,68615232.70950319
TECL,2020,253,2020-01-02,2020-12-31,121210450.44708252,76535024.48120117,200632497.51434326
TECL,2021,252,2021-01-04,2021-12-31,89328931.00738525,49660957.90496826,155678358.538208
TECL,2022,251,2022-01-03,2022-12-30,137352758.82911682,87680337.20397949,228119750.0
TECL,2023,250,2023-01-03,2023-12-29,110650355.44166565,61491470.482559204,227027039.34185028
TECL,2024,252,2024-01-02,2024-12-31,131808449.78904724,76005006.04393005,227469470.81817627
TECL,2025,250,2025-01-02,2025-12-31,117764906.62536621,78630888.4614563,205125621.18133545
TECL,2026,155,2026-01-02,2026-08-14,168528857.7392578,90133250.19073486,273459145.73547363
TECS,full,4433,2008-12-30,2026-08-14,6219000.0,0.0,73460306.2
TECS,2008,2,2008-12-30,2008-12-31,0.0,0.0,0.0
TECS,2009,252,2009-01-02,2009-12-31,0.0,0.0,0.0
TECS,2010,252,2010-01-04,2010-12-31,0.0,0.0,0.0
TECS,2011,252,2011-01-03,2011-12-30,0.0,0.0,23925000.0
TECS,2012,250,2012-01-03,2012-12-31,8700000.0,0.0,11280000.0
TECS,2013,252,2013-01-02,2013-12-31,0.0,0.0,0.0
TECS,2014,252,2014-01-02,2014-12-31,0.0,0.0,3705000.0000000005
TECS,2015,252,2015-01-02,2015-12-31,1848500.0,0.0,4002700.0
TECS,2016,252,2016-01-04,2016-12-30,1307250.0,0.0,3518000.0
TECS,2017,251,2017-01-03,2017-12-29,1228500.0,551000.0,2475000.0
TECS,2018,251,2018-01-02,2018-12-31,4514400.0,1857000.0,16600200.0
TECS,2019,252,2019-01-02,2019-12-31,8779400.0,4598240.0,21780750.000000004
TECS,2020,253,2020-01-02,2020-12-31,24355620.0,9679824.0,59947440.000000015
TECS,2021,252,2021-01-04,2021-12-31,14005660.0,7798746.0,33055230.0
TECS,2022,251,2022-01-03,2022-12-30,91500256.0,43843536.0,169763010.0
TECS,2023,250,2023-01-03,2023-12-29,48787555.5,28089889.6,95883689.7
TECS,2024,252,2024-01-02,2024-12-31,75529778.0,28072230.176513672,134703837.0
TECS,2025,250,2025-01-02,2025-12-31,36290602.56195068,19976436.885375977,75770468.93737793
TECS,2026,155,2026-01-02,2026-08-14,57154425.0,23629221.60333252,104744526.68519592
TLT,full,6050,2002-07-30,2026-08-14,855848650.6137848,64381923.00933838,2909682123.9619455
TLT,2002,108,2002-07-30,2002-12-31,10794244.980621338,2750374.1329193115,35176627.611999504
TLT,2003,252,2003-01-02,2003-12-31,43337723.85444641,9811687.547912598,116092735.51620485
TLT,2004,252,2004-01-02,2004-12-31,68259388.31977844,27533511.69883728,174296677.70477298
TLT,2005,252,2005-01-03,2005-12-30,91454123.23799133,45488546.84524536,180048080.70426944
TLT,2006,251,2006-01-03,2006-12-29,78404785.9085083,38600395.43609619,151583060.37139893
TLT,2007,251,2007-01-03,2007-12-31,115415438.41323853,43105875.0,253510762.32681274
TLT,2008,253,2008-01-02,2008-12-31,233538162.66937256,120491669.30358887,435161242.3493958
TLT,2009,252,2009-01-02,2009-12-31,314189106.39533997,186409429.7956848,514259062.71942145
TLT,2010,252,2010-01-04,2010-12-31,607617238.6005402,260201486.20124817,1306970887.2463992
TLT,2011,252,2011-01-03,2011-12-30,946100797.0344543,556200209.9720764,1697494460.21698
TLT,2012,250,2012-01-03,2012-12-31,780629248.4436035,443906592.5,1449826818.2295227
TLT,2013,252,2013-01-02,2013-12-31,826130731.9770813,505100683.20098877,1363383167.0602417
TLT,2014,252,2014-01-02,2014-12-31,794905146.1208344,521260014.75883484,1280306636.7176056
TLT,2015,252,2015-01-02,2015-12-31,1049185393.2098389,661767103.4096527,1636598651.5141296
TLT,2016,252,2016-01-04,2016-12-30,1089608428.451538,696181216.7282104,1756594515.9890747
TLT,2017,251,2017-01-03,2017-12-29,972012391.8685913,621028803.2897949,1506639690.3457642
TLT,2018,251,2018-01-02,2018-12-31,944817101.2207031,569879087.1047974,1587139778.919983
TLT,2019,252,2019-01-02,2019-12-31,1083356009.0042114,670896660.2142334,2108297793.491516
TLT,2020,253,2020-01-02,2020-12-31,1519506000.0,1025476147.3114014,2815598663.0786133
TLT,2021,252,2021-01-04,2021-12-31,2072326155.1460266,1273842562.2013855,3352461881.7684937
TLT,2022,251,2022-01-03,2022-12-30,2318973690.171814,1460399816.5054321,3501241712.4572754
TLT,2023,250,2023-01-03,2023-12-29,2481804143.7713623,1607781231.0564423,5191733501.237868
TLT,2024,252,2024-01-02,2024-12-31,3490959566.748047,2245347371.425934,5270681143.218079
TLT,2025,250,2025-01-02,2025-12-31,2900105255.37796,2132763118.6276245,4587244777.705841
TLT,2026,155,2026-01-02,2026-08-14,2478992956.6955566,1513118690.81604,4420430502.107849
TQQQ,full,4152,2010-02-11,2026-08-14,679307867.9039001,63202831.071453094,5218838051.271286
TQQQ,2010,225,2010-02-11,2010-12-31,29277222.370147705,12705057.412719727,50273328.129730225
TQQQ,2011,252,2011-01-03,2011-12-30,56327055.064201355,25496648.080043793,97220699.67796326
TQQQ,2012,250,2012-01-03,2012-12-31,91191026.48248672,58688267.54716873,152950094.48604584
TQQQ,2013,252,2013-01-02,2013-12-31,105407561.98768616,67617588.35203171,166822624.58312988
TQQQ,2014,252,2014-01-02,2014-12-31,190160162.18948364,115935158.16879272,338019571.224289
TQQQ,2015,252,2015-01-02,2015-12-31,331966220.7956314,225264983.50170135,539733798.2829666
TQQQ,2016,252,2016-01-04,2016-12-30,273034325.0201225,177242422.39837646,533959243.82503515
TQQQ,2017,251,2017-01-03,2017-12-29,329831449.63645935,163284887.3600006,520007006.3369751
TQQQ,2018,251,2018-01-02,2018-12-31,823870824.1012573,512883827.9785156,1281865252.4414062
TQQQ,2019,252,2019-01-02,2019-12-31,957535991.0720825,709903567.3773956,1454598881.5652468
TQQQ,2020,253,2020-01-02,2020-12-31,3372324354.866028,1905704538.0647283,5368451777.664185
TQQQ,2021,252,2021-01-04,2021-12-31,3910305752.243042,2468318708.125305,7327427420.012512
TQQQ,2022,251,2022-01-03,2022-12-30,5075533331.017303,3639775289.0399933,7317603915.263367
TQQQ,2023,250,2023-01-03,2023-12-29,3719609863.898468,2928346175.7065964,5091988057.315178
TQQQ,2024,252,2024-01-02,2024-12-31,3532670550.07782,2630153770.677643,5080542494.311752
TQQQ,2025,250,2025-01-02,2025-12-31,5018489331.69899,3586450398.6820984,7935148564.954146
TQQQ,2026,155,2026-01-02,2026-08-14,4922864692.3828125,3539735782.703247,6540817897.639847
VOOG,full,4007,2010-09-09,2026-08-14,9541781.522369385,496621.2153625489,80765748.43505861
VOOG,2010,80,2010-09-09,2010-12-31,601204.0357589722,157315.19897460938,1831875.8837127693
VOOG,2011,252,2011-01-03,2011-12-30,456543.5022354126,153089.99588012695,1602148.7726783755
VOOG,2012,250,2012-01-03,2012-12-31,479762.49446868896,182788.19961547852,1242685.4939460752
VOOG,2013,252,2013-01-02,2013-12-31,606640.4940605164,267022.3963165283,1426545.658493042
VOOG,2014,252,2014-01-02,2014-12-31,1929253.479194641,958021.5203475952,4160697.4971771245
VOOG,2015,252,2015-01-02,2015-12-31,2927252.5857925415,1658572.3483657837,5271341.432189941
VOOG,2016,252,2016-01-04,2016-12-30,4714823.075866699,2641063.4328460693,9117981.741485596
VOOG,2017,251,2017-01-03,2017-12-29,5194241.839599609,3630707.0308685303,8858219.705200195
VOOG,2018,251,2018-01-02,2018-12-31,10091032.246398926,5961600.036621094,23192798.540496826
VOOG,2019,252,2019-01-02,2019-12-31,10640168.242835999,6730112.923736572,25080414.606285095
VOOG,2020,253,2020-01-02,2020-12-31,25684932.614135742,15894884.364624023,67120556.02821352
VOOG,2021,252,2021-01-04,2021-12-31,27251692.81654358,17572480.24383545,45959163.56323242
VOOG,2022,251,2022-01-03,2022-12-30,47062878.955078125,27343380.32913208,90755882.92694092
VOOG,2023,250,2023-01-03,2023-12-29,24271582.207489014,16748149.051437378,38837018.649902344
VOOG,2024,252,2024-01-02,2024-12-31,46197369.40841675,31790407.184829712,88205453.70185852
VOOG,2025,250,2025-01-02,2025-12-31,90421955.14297485,66552002.26776123,142178645.4524231
VOOG,2026,155,2026-01-02,2026-08-14,119827287.12539673,86167008.98345947,164832217.0120239
VOOV,full,4007,2010-09-09,2026-08-14,3344614.035797119,259092.40478515625,19516120.036926273
VOOV,2010,80,2010-09-09,2010-12-31,160483.99772644043,26608.900337219242,1184829.706420899
VOOV,2011,252,2011-01-03,2011-12-30,193490.50159454346,42223.50067138672,996982.7986145025
VOOV,2012,250,2012-01-03,2012-12-31,190695.49961090088,31746.999168396,730116.182785034
VOOV,2013,252,2013-01-02,2013-12-31,538548.0075836182,230605.20217895508,1275153.0326843262
VOOV,2014,252,2014-01-02,2014-12-31,859097.5021362305,392462.98805236816,2093634.0788269043
VOOV,2015,252,2015-01-02,2015-12-31,912855.016708374,450264.294052124,2173200.865631104
VOOV,2016,252,2016-01-04,2016-12-30,1476798.9952087402,771233.3951568604,4398304.403839112
VOOV,2017,251,2017-01-03,2017-12-29,2214240.0512695312,1264500.0457763672,4653669.152069092
VOOV,2018,251,2018-01-02,2018-12-31,2395339.965057373,1205126.9966125488,6780480.1025390625
VOOV,2019,252,2019-01-02,2019-12-31,3733660.9161376953,1780765.8506011963,8220133.855590822
VOOV,2020,253,2020-01-02,2020-12-31,8437428.183746338,4225469.3240356445,19725478.129272465
VOOV,2021,252,2021-01-04,2021-12-31,10984203.991699219,6281490.475463867,22791399.069366455
VOOV,2022,251,2022-01-03,2022-12-30,20798203.413391113,12593550.270080566,39518495.84197998
VOOV,2023,250,2023-01-03,2023-12-29,11658070.365142822,7597649.315795898,19396011.06430053
VOOV,2024,252,2024-01-02,2024-12-31,14579513.589477539,10650816.192626953,25906912.814483643
VOOV,2025,250,2025-01-02,2025-12-31,15736474.767303467,10856222.273254395,27266058.491973877
VOOV,2026,155,2026-01-02,2026-08-14,16807500.457763672,11833947.467651367,27685023.94226074
VOX,full,5504,2004-09-29,2026-08-14,6092162.389755249,775798.5150146488,31591645.68054199
VOX,2004,66,2004-09-29,2004-12-31,105790.00091552734,0.0,1339562.4565124512
VOX,2005,252,2005-01-03,2005-12-30,73150.0,10547.399826049805,325998.8026809693
VOX,2006,251,2006-01-03,2006-12-29,805979.9652099609,225935.99395751953,3079295.947265625
VOX,2007,251,2007-01-03,2007-12-31,2216038.0561828613,997880.0277709961,5738059.768676758
VOX,2008,253,2008-01-02,2008-12-31,3315200.0,1108978.2092285156,11884082.40196228
VOX,2009,252,2009-01-02,2009-12-31,1642114.9826049805,669037.7104949951,4946625.007286074
VOX,2010,252,2010-01-04,2010-12-31,1377441.0026550293,653670.4194259644,3863025.9947204595
VOX,2011,252,2011-01-03,2011-12-30,1933371.513748169,939583.2205581665,6171852.374114991
VOX,2012,250,2012-01-03,2012-12-31,1987296.0479736328,887442.4594116212,6959875.763015746
VOX,2013,252,2013-01-02,2013-12-31,2580420.905303955,1219021.0961914062,7923552.058181763
VOX,2014,252,2014-01-02,2014-12-31,3708340.0047302246,2334599.4639587402,6537109.16809082
VOX,2015,252,2015-01-02,2015-12-31,4019532.9711914062,2563129.2682647705,10356799.625473022
VOX,2016,252,2016-01-04,2016-12-30,10405839.5362854,5585036.118621826,31750022.13134766
VOX,2017,251,2017-01-03,2017-12-29,8570210.342407227,4757113.953399658,22066200.714111328
VOX,2018,251,2018-01-02,2018-12-31,9218663.800048828,4141671.8200683594,29509920.59326172
VOX,2019,252,2019-01-02,2019-12-31,10953442.1459198,5631837.849578857,34859005.98648072
VOX,2020,253,2020-01-02,2020-12-31,15182257.766723633,8854771.324768066,39532959.56451418
VOX,2021,252,2021-01-04,2021-12-31,16641706.803131104,10914619.187316895,44186292.56088257
VOX,2022,251,2022-01-03,2022-12-30,22046128.790283203,11514156.452178955,58380837.82196045
VOX,2023,250,2023-01-03,2023-12-29,15734918.93119812,8418536.906585693,37943309.10415649
VOX,2024,252,2024-01-02,2024-12-31,15408352.038574219,8395685.59539795,33577638.56765748
VOX,2025,250,2025-01-02,2025-12-31,28742246.784973145,17679412.798309326,63464815.959777825
VOX,2026,155,2026-01-02,2026-08-14,40031508.38012695,23909635.18157959,81265518.36914061
VTV,full,5671,2004-01-30,2026-08-14,71396432.61566162,4169256.1241149902,439693147.7050781
VTV,2004,233,2004-01-30,2004-12-31,402107.99102783203,147561.39846801758,6942933.837280279
VTV,2005,252,2005-01-03,2005-12-30,1006081.0230255127,522101.9978713989,3627566.900367738
VTV,2006,251,2006-01-03,2006-12-29,3821256.0791015625,1870686.028289795,9154484.879684448
VTV,2007,251,2007-01-03,2007-12-31,8946949.472045898,5484591.749572754,18160748.38256836
VTV,2008,253,2008-01-02,2008-12-31,25004071.39892578,11939547.824707033,49867470.936050415
VTV,2009,252,2009-01-02,2009-12-31,19207609.464263916,12333192.576141357,37357897.8062439
VTV,2010,252,2010-01-04,2010-12-31,15125129.269218445,10748467.00580597,24325179.40612793
VTV,2011,252,2011-01-03,2011-12-30,20465799.624061584,15012121.726799011,34653964.86213684
VTV,2012,250,2012-01-03,2012-12-31,22368176.08642578,15616402.316589355,42616997.32292175
VTV,2013,252,2013-01-02,2013-12-31,41118658.73775482,25940666.997146606,89026271.67861941
VTV,2014,252,2014-01-02,2014-12-31,51806550.95939636,33798001.32369995,106634940.48103333
VTV,2015,252,2015-01-02,2015-12-31,86461425.20599365,50635423.26805115,177499128.1639099
VTV,2016,252,2016-01-04,2016-12-30,88166909.99794006,56380886.9682312,187641196.53236392
VTV,2017,251,2017-01-03,2017-12-29,111658651.65863037,74997844.32220459,193725756.61468506
VTV,2018,251,2018-01-02,2018-12-31,151615442.5048828,92068304.24880981,354055814.59350586
VTV,2019,252,2019-01-02,2019-12-31,137695873.3707428,95473856.37512207,233863387.6564789
VTV,2020,253,2020-01-02,2020-12-31,220131560.27679443,147317143.37005615,439211815.5157471
VTV,2021,252,2021-01-04,2021-12-31,330703874.4064331,234142411.21917725,571277760.59021
VTV,2022,251,2022-01-03,2022-12-30,422434887.4908447,267824614.25170898,703831800.1861572
VTV,2023,250,2023-01-03,2023-12-29,306422003.68270874,222658017.84942627,447548783.5095215
VTV,2024,252,2024-01-02,2024-12-31,298920221.43478394,211019603.34106445,452792101.84539795
VTV,2025,250,2025-01-02,2025-12-31,482267783.96224976,340658902.96569824,841285380.3416443
VTV,2026,155,2026-01-02,2026-08-14,679552900.0,445216450.0854492,1153637862.6342773
XBI,full,5163,2006-02-06,2026-08-14,251029938.41934204,4280224.126739503,990248910.3228761
XBI,2006,228,2006-02-06,2006-12-29,329259.5141887665,81804.50039863586,2191474.7777938847
XBI,2007,251,2007-01-03,2007-12-31,3426423.058319092,557739.0120506287,10396979.633331299
XBI,2008,253,2008-01-02,2008-12-31,10477759.854125977,2867898.5155105595,30030350.35549166
XBI,2009,252,2009-01-02,2009-12-31,9844739.823246002,4422672.100696564,20004904.89930153
XBI,2010,252,2010-01-04,2010-12-31,9013031.225681305,3160524.9185943604,22121099.21945572
XBI,2011,252,2011-01-03,2011-12-30,11237801.654148102,3064128.046989441,26494670.782127384
XBI,2012,250,2012-01-03,2012-12-31,16279677.304458618,6346345.338878632,33994561.6361618
XBI,2013,252,2013-01-02,2013-12-31,25124938.93890381,11053583.384971619,56050296.85787201
XBI,2014,252,2014-01-02,2014-12-31,66686220.01647949,34451077.35694885,156760094.71298218
XBI,2015,252,2015-01-02,2015-12-31,225730511.76223755,118111939.16519165,486211556.63131714
XBI,2016,252,2016-01-04,2016-12-30,378985777.6641846,243429560.24375916,584399400.3822327
XBI,2017,251,2017-01-03,2017-12-29,281542618.94989014,179214070.63293457,474935075.57525635
XBI,2018,251,2018-01-02,2018-12-31,420284726.65252686,241052388.29193115,686931811.5234375
XBI,2019,252,2019-01-02,2019-12-31,366671567.433548,242809801.23435974,582160128.3609009
XBI,2020,253,2020-01-02,2020-12-31,572745036.4379883,335829693.88549805,959807198.3389282
XBI,2021,252,2021-01-04,2021-12-31,777189663.7046814,500501905.2996826,1309163697.9234314
XBI,2022,251,2022-01-03,2022-12-30,990447300.0,683843259.9517822,1538860400.0
XBI,2023,250,2023-01-03,2023-12-29,651058927.4837494,425309978.16215515,982062438.8473511
XBI,2024,252,2024-01-02,2024-12-31,828283512.6667023,535743052.60917664,1266051207.2786713
XBI,2025,250,2025-01-02,2025-12-31,898490556.3610077,590345717.8478241,1351384150.6197357
XBI,2026,155,2026-01-02,2026-08-14,1181955790.59906,836368092.5292969,1693809795.4687498
XLF,full,6953,1998-12-22,2026-08-14,1057778941.8147182,17396737.47354927,2428157759.437256
XLF,1998,7,1998-12-22,1998-12-31,1244529.302307129,934110.8287536621,2355569.3159591677
XLF,1999,252,1999-01-04,1999-12-31,3438743.1781692505,1235063.297456932,11135048.04571152
XLF,2000,252,2000-01-03,2000-12-29,8207853.910235405,3095626.406881714,30192645.117604066
XLF,2001,248,2001-01-02,2001-12-31,13339865.460813522,3894063.0415512086,41180453.30053256
XLF,2002,252,2002-01-02,2002-12-31,40837027.48630142,10466661.380508041,114211233.4496996
XLF,2003,252,2003-01-02,2003-12-31,41655265.08719635,15118753.771051217,105404131.65134165
XLF,2004,252,2004-01-02,2004-12-31,80754040.27981949,37004689.276735306,185303541.35811007
XLF,2005,252,2005-01-03,2005-12-30,189039599.99596786,89403387.1565834,383268132.64067197
XLF,2006,251,2006-01-03,2006-12-29,233783206.1901245,128307749.38607025,437674766.5700283
XLF,2007,251,2007-01-03,2007-12-31,1043089633.8086128,234012803.4968567,3172713484.3314705
XLF,2008,253,2008-01-02,2008-12-31,3026644373.9100723,1764059285.929752,5814671473.570388
XLF,2009,252,2009-01-02,2009-12-31,1588762594.9956212,1041904160.889795,2643268405.6404023
XLF,2010,252,2010-01-04,2010-12-31,1228342831.6962204,777093884.8016622,2528996393.7357044
XLF,2011,252,2011-01-03,2011-12-30,1228091227.261363,734808884.9813793,1850279862.5804944
XLF,2012,250,2012-01-03,2012-12-31,939674793.4667497,524887844.5922767,1425671454.7963042
XLF,2013,252,2013-01-02,2013-12-31,794172705.2185726,528331850.5663765,1295677254.01633
XLF,2014,252,2014-01-02,2014-12-31,754320335.2778959,425116194.8999163,1269838699.502875
XLF,2015,252,2015-01-02,2015-12-31,773206669.0935707,468812013.5145771,1386313843.5873127
XLF,2016,252,2016-01-04,2016-12-30,1086376608.8914785,644025501.6864733,2167300473.5240755
XLF,2017,251,2017-01-03,2017-12-29,1453559347.913742,973530219.745636,2324126276.783371
XLF,2018,251,2018-01-02,2018-12-31,1595410261.2249374,1028458200.0,2425846340.811157
XLF,2019,252,2019-01-02,2019-12-31,1259565878.5565376,823601645.7458496,1888869616.8431854
XLF,2020,253,2020-01-02,2020-12-31,1436294172.7018356,871695591.9057083,2790553558.8534546
XLF,2021,252,2021-01-04,2021-12-31,1793457031.798172,1277586976.978035,3090338547.1247864
XLF,2022,251,2022-01-03,2022-12-30,1776227888.774681,1060229636.5139008,3294465712.889099
XLF,2023,250,2023-01-03,2023-12-29,1381408535.7999802,1066879410.0898361,2128889053.8851166
XLF,2024,252,2024-01-02,2024-12-31,1644079289.5345688,1127694032.4364471,2431891211.6417313
XLF,2025,250,2025-01-02,2025-12-31,1971211430.2120209,1422406211.8323898,3177297059.7694774
XLF,2026,155,2026-01-02,2026-08-14,2079747060.5690002,1418907071.1494446,3264328231.1896515
XLK,full,6953,1998-12-22,2026-08-14,252501448.22120667,12429693.28216553,1388288026.5698242
XLK,1998,7,1998-12-22,1998-12-31,7965943.75,2886000.0,10523731.875
XLK,1999,252,1999-01-04,1999-12-31,19377806.25,9214556.25,52776556.875
XLK,2000,252,2000-01-03,2000-12-29,21149943.75,7400122.500000001,68297675.00000001
XLK,2001,248,2001-01-02,2001-12-31,20312639.822387695,6829696.654129029,51340151.57787326
XLK,2002,252,2002-01-02,2002-12-31,16583137.11218834,7815899.651069641,38403558.07508469
XLK,2003,252,2003-01-02,2003-12-31,9418232.131671906,4818719.849357605,21028833.96847725
XLK,2004,252,2004-01-02,2004-12-31,9594895.266914368,4555229.520454407,21747746.085186016
XLK,2005,252,2005-01-03,2005-12-30,18676328.796100616,9114217.934474945,33889867.272052765
XLK,2006,251,2006-01-03,2006-12-29,36575807.05566406,17710487.440109253,71498940.13175964
XLK,2007,251,2007-01-03,2007-12-31,57513985.546875,25678911.918640137,122928894.8852539
XLK,2008,253,2008-01-02,2008-12-31,128535001.99317932,66345657.91145325,266945226.95224765
XLK,2009,252,2009-01-02,2009-12-31,120544544.30627823,85005856.13676071,243172278.52466583
XLK,2010,252,2010-01-04,2010-12-31,225635223.76260757,131565867.34003067,406094332.3298455
XLK,2011,252,2011-01-03,2011-12-30,269886124.58229065,157415308.39118958,492984140.98056793
XLK,2012,250,2012-01-03,2012-12-31,243314996.1631775,155344020.66289902,405450614.6653938
XLK,2013,252,2013-01-02,2013-12-31,215629013.54351044,146781205.30590057,354095560.1857376
XLK,2014,252,2014-01-02,2014-12-31,265071542.0818329,165159877.87517548,474659891.48826605
XLK,2015,252,2015-01-02,2015-12-31,362270226.3902664,223091000.99567413,637205080.0642776
XLK,2016,252,2016-01-04,2016-12-30,422653440.96984863,249434496.36375427,771996628.4154129
XLK,2017,251,2017-01-03,2017-12-29,457930640.9591675,326847184.9674225,834318708.9763641
XLK,2018,251,2018-01-02,2018-12-31,991302591.998291,595236385.2996826,1692328144.6556091
XLK,2019,252,2019-01-02,2019-12-31,837464972.9026794,552266153.9562988,1387484606.1206055
XLK,2020,253,2020-01-02,2020-12-31,1052523474.5018005,680754796.217041,2317399721.278687
XLK,2021,252,2021-01-04,2021-12-31,1035098600.4936218,698212883.2655334,2213698252.740326
XLK,2022,251,2022-01-03,2022-12-30,1103093455.6793213,674814271.7803955,2371767810.7025146
XLK,2023,250,2023-01-03,2023-12-29,1008011379.6859741,718450550.4467773,1472047335.8293152
XLK,2024,252,2024-01-02,2024-12-31,1103250914.8223877,697154371.9615173,1686687321.9104004
XLK,2025,250,2025-01-02,2025-12-31,1482262004.8233032,842701496.4350891,2968462931.220703
XLK,2026,155,2026-01-02,2026-08-14,2113524108.920288,1333555232.8381348,3538153133.2995605
XLP,full,6953,1998-12-22,2026-08-14,236858773.49967957,1796430.0000000002,1032891438.9274597
XLP,1998,7,1998-12-22,1998-12-31,1232765.625,522153.75,3633245.625
XLP,1999,252,1999-01-04,1999-12-31,1043699.21875,518396.875,2949833.1250000005
XLP,2000,252,2000-01-03,2000-12-29,1520559.375,503853.75,9269192.343750004
XLP,2001,248,2001-01-02,2001-12-31,1153784.0120315552,508812.309551239,4503735.645923615
XLP,2002,252,2002-01-02,2002-12-31,1996558.561706543,870618.3227920532,6746934.505558015
XLP,2003,252,2003-01-02,2003-12-31,3078991.525745392,1025931.9854927063,8503696.075592041
XLP,2004,252,2004-01-02,2004-12-31,8048064.050102234,3051591.9956588745,18532439.474143982
XLP,2005,252,2005-01-03,2005-12-30,17354472.555160522,6813404.556388855,40526331.943473816
XLP,2006,251,2006-01-03,2006-12-29,30908591.72515869,16349688.10043335,65487210.85567474
XLP,2007,251,2007-01-03,2007-12-31,48093525.0,21352797.241973877,103812800.0
XLP,2008,253,2008-01-02,2008-12-31,105795744.70996857,50941656.75792694,213415539.9800873
XLP,2009,252,2009-01-02,2009-12-31,126733549.19080734,80859466.05840683,202216615.75796127
XLP,2010,252,2010-01-04,2010-12-31,170815314.74046707,100811923.99024963,276250368.8733101
XLP,2011,252,2011-01-03,2011-12-30,229551023.77967834,133026989.13444519,446126152.7175522
XLP,2012,250,2012-01-03,2012-12-31,183399125.49648285,120625731.33850098,308616544.95903015
XLP,2013,252,2013-01-02,2013-12-31,290557282.48004913,159148857.396698,589893224.5933535
XLP,2014,252,2014-01-02,2014-12-31,262800222.2929001,140649833.44352722,660252397.0324708
XLP,2015,252,2015-01-02,2015-12-31,357996529.86335754,234348898.36338043,649779446.7664719
XLP,2016,252,2016-01-04,2016-12-30,625024262.9272461,377147381.7095947,1064202102.9050446
XLP,2017,251,2017-01-03,2017-12-29,508725456.8008423,315305011.2213135,951599100.0
XLP,2018,251,2018-01-02,2018-12-31,753818498.9334106,477272524.3236542,1468570436.364746
XLP,2019,252,2019-01-02,2019-12-31,689353086.7507935,442991695.3112793,1105181488.720665
XLP,2020,253,2020-01-02,2020-12-31,616207158.1478119,387457387.28897095,1336436927.4627688
XLP,2021,252,2021-01-04,2021-12-31,725098740.6356812,502768683.387146,1206451120.2172089
XLP,2022,251,2022-01-03,2022-12-30,961501059.3383789,596804058.1954956,1847151447.2167969
XLP,2023,250,2023-01-03,2023-12-29,814387099.32518,596374314.256897,1148457701.0847473
XLP,2024,252,2024-01-02,2024-12-31,783169674.061966,535773062.8234863,1217506586.7819214
XLP,2025,250,2025-01-02,2025-12-31,1067505786.4406586,725540944.3988037,1537896876.2876127
XLP,2026,155,2026-01-02,2026-08-14,1121144375.6103516,707750540.8712769,2173078781.2170405
XLY,full,6953,1998-12-22,2026-08-14,266923978.82385254,1610599.186553955,912949200.5303956
XLY,1998,7,1998-12-22,1998-12-31,221987.5,36610.00183105469,836071.875
XLY,1999,252,1999-01-04,1999-12-31,235290.625,68089.6875,1059900.9375
XLY,2000,252,2000-01-03,2000-12-29,700236.7478370667,105734.6883392334,4919788.782463074
XLY,2001,248,2001-01-02,2001-12-31,1950597.0252037048,396336.50379180914,8542897.215690615
XLY,2002,252,2002-01-02,2002-12-31,2658437.9779815674,682227.5904846193,18169350.999240875
XLY,2003,252,2003-01-02,2003-12-31,2756588.4981155396,838087.4153900146,11908649.328117372
XLY,2004,252,2004-01-02,2004-12-31,6718036.974239349,2278737.0232772827,24787290.34219742
XLY,2005,252,2005-01-03,2005-12-30,16572688.123130798,6184388.657569885,56643726.52050018
XLY,2006,251,2006-01-03,2006-12-29,29452355.597305298,11582909.461975098,79190697.2579956
XLY,2007,251,2007-01-03,2007-12-31,84938015.08178711,36101744.440460205,183451676.19667053
XLY,2008,253,2008-01-02,2008-12-31,184531851.58576965,106465249.8036194,283854036.8227387
XLY,2009,252,2009-01-02,2009-12-31,158827548.70176315,97927980.46499252,240289661.46915436
XLY,2010,252,2010-01-04,2010-12-31,223834634.01288986,144731613.59268188,395134953.98283005
XLY,2011,252,2011-01-03,2011-12-30,280751783.0635071,160750315.23647308,515570694.9547577
XLY,2012,250,2012-01-03,2012-12-31,239584417.694664,137001577.12028503,440902865.10284424
XLY,2013,252,2013-01-02,2013-12-31,280922880.3161621,183393712.77511597,465729494.41825867
XLY,2014,252,2014-01-02,2014-12-31,331596046.0197449,192098825.08666992,709239616.137314
XLY,2015,252,2015-01-02,2015-12-31,458446769.01664734,275033590.1837921,721626648.541031
XLY,2016,252,2016-01-04,2016-12-30,441528089.7377014,264087514.98321533,792368692.908249
XLY,2017,251,2017-01-03,2017-12-29,345252593.7728882,231904128.89556885,555800025.0
XLY,2018,251,2018-01-02,2018-12-31,610630725.7080078,364335156.15463257,1144305610.584259
XLY,2019,252,2019-01-02,2019-12-31,423054240.5078888,262539538.37280273,732749655.9952545
XLY,2020,253,2020-01-02,2020-12-31,515968216.93115234,343068892.7270508,913191264.5625306
XLY,2021,252,2021-01-04,2021-12-31,727890084.1339111,473681425.03326416,1478890418.902588
XLY,2022,251,2022-01-03,2022-12-30,1015468172.0672607,546339702.3010254,2291635801.6845703
XLY,2023,250,2023-01-03,2023-12-29,756747712.7876282,538743345.8862305,1113658719.841766
XLY,2024,252,2024-01-02,2024-12-31,636462814.3440247,397439358.25164795,1022388796.5669252
XLY,2025,250,2025-01-02,2025-12-31,1015662833.4335327,579958887.7780151,1656157863.728485
XLY,2026,155,2026-01-02,2026-08-14,1034671520.3552246,641133030.3341675,1653733524.2968748
