ticker,rank_dv,rank_spread,rank_avg,tier,tier_by_dv,tier_by_spread,criteria_disagree,median_spread_bp,median_dollar_volume
TLT,4.0,13.0,8.5,1,1.0,2.0,True,8.937020828467306,855848650.6137848
SPY,1.0,17.0,9.0,1,1.0,2.0,True,14.621559453044386,16726307076.054382
BND,15.0,7.0,11.0,1,2.0,1.0,True,3.2823209676629914,172548656.3835144
QQQ,2.0,22.0,12.0,1,1.0,2.0,True,20.044606964556397,4048306801.076889
AGG,14.0,10.0,12.0,1,2.0,1.0,True,4.484874421469644,193743627.07138062
XLY,7.0,18.0,12.5,1,1.0,2.0,True,15.777739986818279,266923978.82385254
XLF,3.0,23.0,13.0,1,1.0,2.0,True,22.734230715227916,1057778941.8147182
IEF,18.0,8.0,13.0,1,2.0,1.0,True,3.4757334632551866,127866073.73046875
BSV,21.0,6.0,13.5,1,2.0,1.0,True,2.418020480310275,92683708.55560303
BIL,24.0,3.0,13.5,1,2.0,1.0,True,1.2463773534635998,55978731.37836456
XLK,9.0,20.0,14.5,1,1.0,2.0,True,18.7617757214174,252501448.22120667
SMH,6.0,25.0,15.5,1,1.0,3.0,True,25.650139892144526,389140172.1054077
XLP,11.0,21.0,16.0,2,1.0,2.0,True,18.79948974937304,236858773.49967957
TQQQ,5.0,30.0,17.5,2,1.0,3.0,True,41.233801970277355,679307867.9039001
BTAL,34.0,1.5,17.75,2,3.0,1.0,True,0.0,598653.9900779724
XBI,10.0,26.0,18.0,2,1.0,3.0,True,26.343205382295256,251029938.41934204
SH,20.0,16.0,18.0,2,2.0,2.0,False,12.019327986843244,120763340.965271
KMLM,32.0,4.0,18.0,2,3.0,1.0,True,1.9910204791803938,1772610.0368499756
RYMFX,35.5,1.5,18.5,2,3.0,1.0,True,0.0,0.0
VTV,23.0,15.0,19.0,2,2.0,2.0,False,10.470052034875568,71396432.61566162
QQQE,33.0,5.0,19.0,2,3.0,1.0,True,2.2995249963649425,1724678.9909362793
VOOG,27.0,12.0,19.5,2,3.0,1.0,True,7.064372297847224,9541781.522369385
SQQQ,8.0,32.0,20.0,2,1.0,3.0,True,43.586931376259656,264798537.5
SPXL,12.0,28.0,20.0,2,1.0,3.0,True,31.047908312545488,224992490.55919647
QLD,13.0,27.0,20.0,3,2.0,3.0,True,29.630523633281303,215841894.30541992
IBB,16.0,24.0,20.0,3,2.0,2.0,False,24.26406780165546,149081009.3673706
VOX,29.0,11.0,20.0,3,3.0,1.0,True,6.952304742514828,6092162.389755249
VOOV,31.0,9.0,20.0,3,3.0,1.0,True,4.190928796019436,3344614.035797119
IOO,30.0,14.0,22.0,3,3.0,2.0,True,10.23666241793806,3444011.8286132812
PSQ,26.0,19.0,22.5,3,3.0,2.0,True,15.939736514616087,29427110.0
FAS,17.0,33.0,25.0,3,2.0,3.0,True,47.863871253907945,143685006.67114258
LABU,19.0,36.0,27.5,3,2.0,3.0,True,113.23249618305258,123435200.0
TECL,25.0,31.0,28.0,3,3.0,3.0,False,41.86897690022704,39991014.327049255
SOXL,22.0,35.0,28.5,3,2.0,3.0,True,58.67164385885707,87922353.33395004
TECS,28.0,29.0,28.5,3,3.0,3.0,False,39.56589938298542,6219000.0
SOXS,35.5,34.0,34.75,3,3.0,3.0,False,55.16129591358205,0.0
