table,class,timing,flag_group,n,total_items,s139_reported_sum,gap,identified_cell,n_in_cell,note,d17_count,pre_result_repair_count,item_overlap,ruled_out,item,axis,n_post_result_choices,n_off_axis,off_axis_items,total,post_result_choices_unflagged,pre_result_choice_post_result_closure,tag,ordering,n_tagged,status,ordering_achieved
cross_tabulation,choice,post-result,flagged,8.0,,,,,,,,,,,,,,,,,,,,,,,
cross_tabulation,choice,post-result,not_applicable,4.0,,,,,,,,,,,,,,,,,,,,,,,
cross_tabulation,choice,post-result,other_disclosure,2.0,,,,,,,,,,,,,,,,,,,,,,,
cross_tabulation,choice,post-result,unflagged,8.0,,,,,,,,,,,,,,,,,,,,,,,
cross_tabulation,choice,pre-result,flagged,1.0,,,,,,,,,,,,,,,,,,,,,,,
cross_tabulation,choice,pre-result,other_disclosure,51.0,,,,,,,,,,,,,,,,,,,,,,,
cross_tabulation,choice,pre-result,unflagged,3.0,,,,,,,,,,,,,,,,,,,,,,,
cross_tabulation,measurement,post-result,not_applicable,2.0,,,,,,,,,,,,,,,,,,,,,,,
cross_tabulation,measurement,post-result,other_disclosure,1.0,,,,,,,,,,,,,,,,,,,,,,,
cross_tabulation,measurement,pre-result,other_disclosure,13.0,,,,,,,,,,,,,,,,,,,,,,,
cross_tabulation,repair,post-result,not_applicable,17.0,,,,,,,,,,,,,,,,,,,,,,,
cross_tabulation,repair,pre-result,not_applicable,11.0,,,,,,,,,,,,,,,,,,,,,,,
gap_resolution,,,,,121.0,110.0,11.0,repair x pre-result,11.0,"The eleven unreported items are the PRE-RESULT REPAIRS, being corrections-list entries 1 through 11, which the 13.9 summary omitted because it listed three of the six occupied cells plus a measurement total. The full cross-tabulation sums to the stated 121.",,,,,,,,,,,,,,,,,
coincidence_test,,,,,,,,,,"The two elevens are disjoint sets. The D17 eleven are post-result CHOICES lacking a 9.10 flag; the missing eleven are pre-result REPAIRS, which carry no 9.10 requirement because no result existed when they were made. The coincident count is arithmetic accident, confirmed by zero item overlap.",8.0,11.0,0.0,True,,,,,,,,,,,,,
axis_coverage,,,,,,,,,,,,,,,"$100 anchor convention (13.6, superseded)",convention,,,,,,,,,,,
axis_coverage,,,,,,,,,,,,,,,2.7a in-window scoping canonical (13.7),window,,,,,,,,,,,
axis_coverage,,,,,,,,,,,,,,,7.14 windows (13.7),window,,,,,,,,,,,
axis_coverage,,,,,,,,,,,,,,,"4.6 close at 1,000,000 (13.7)",NONE,,,,,,,,,,,
axis_coverage,,,,,,,,,,,,,,,1.9/2.11 completion closure (13.7),completion rule,,,,,,,,,,,
axis_coverage,,,,,,,,,,,,,,,4.5 four arms + splice (13.7),commission arm,,,,,,,,,,,
axis_coverage,,,,,,,,,,,,,,,"4.4 measured-profile attempt (13.7, halted)",slippage model,,,,,,,,,,,
axis_coverage,,,,,,,,,,,,,,,o2o promotion record (13.7a),convention,,,,,,,,,,,
axis_coverage,,,,,,,,,,,,,,,2.14 split + widened sweep (13.8),financing spread,,,,,,,,,,,
axis_coverage,,,,,,,,,,,,,,,2.8 equal panel weight (13.8),panel,,,,,,,,,,,
axis_coverage,,,,,,,,,,,,,,,4.1a o2o reporting cell (13.8),convention,,,,,,,,,,,
axis_coverage,,,,,,,,,,,,,,,5.7 per-year covariance (13.8),NONE,,,,,,,,,,,
axis_coverage,,,,,,,,,,,,,,,"4.4 tiered arm volume-based (13.8, superseded 13.9)",slippage model,,,,,,,,,,,
axis_coverage,,,,,,,,,,,,,,,4.5 Arm S canonical (13.8),commission arm,,,,,,,,,,,
axis_coverage,,,,,,,,,,,,,,,tier reassignment by class (13.9),slippage model,,,,,,,,,,,
axis_coverage,,,,,,,,,,,,,,,opening-auction premium (13.9),slippage model,,,,,,,,,,,
axis_coverage,,,,,,,,,,,,,,,headline designation 4.1b (13.9),convention,,,,,,,,,,,
axis_coverage,,,,,,,,,,,,,,,Sharpe numerator registration (13.9),NONE,,,,,,,,,,,
axis_coverage,,,,,,,,,,,,,,,defect D5 disposition,NONE,,,,,,,,,,,
axis_coverage,,,,,,,,,,,,,,,defect D6 disposition,NONE,,,,,,,,,,,
axis_coverage,,,,,,,,,,,,,,,defect D7 disposition,NONE,,,,,,,,,,,
axis_coverage,,,,,,,,,,,,,,,defect D10 disposition,NONE,,,,,,,,,,,
axis_coverage_summary,,,,,,,,,,"The specification curve defends a post-result choice only where the curve spans it. Items off the nine recorded axes are reported here without recommendation. Starting NAV under 4.6 is the consequential one, since it enters the return series through integer truncation, the commission minimum, and now the step-0b participation cap, and the nine axes do not include it. The remainder are reporting or diagnostic conventions that do not enter the return series.",,,,,,,22.0,7.0,"4.6 close at 1,000,000 (13.7); 5.7 per-year covariance (13.8); Sharpe numerator registration (13.9); defect D5 disposition; defect D6 disposition; defect D7 disposition; defect D10 disposition",,,,,,,,
d17_composition,,,,,,,,,,session 13.9 reported D17 as eleven post-result choice-closures; the classification is eleven items of which eight are post-result choices and three are pre-result choices whose closure came after results existed,,,,,,,,,,11.0,8.0,3.0,,,,,
d17_retro_tag,,,,,,,,,,,,,,,"starting NAV 1,000,000 (s13 amendment; 4.6 closed 13.7)",,,,,,,,"9.10: value adopted in the session 13 prompt before any result existed; the 4.6 closure at that value was made in session 13.7 after results existed and is post-hoc on the closure, not on the value.",written before the session-14 ladder comparison table was read,,,
d17_retro_tag,,,,,,,,,,,,,,,commission terms inline (s13; 4.5 ported 13.7),,,,,,,,9.10: IBKR Fixed terms carried inline from v2 4.5 before any result existed; the four-arm structure and the Arm S canonical designation were made after results existed and are post-hoc.,written before the session-14 ladder comparison table was read,,,
d17_retro_tag,,,,,,,,,,,,,,,unavailable-fill completion rule (s13; closed 13.7),,,,,,,,9.10: rule adopted in session 13 before any result existed as an operating necessity; its closure in 13.7 is post-hoc on the closure only.,written before the session-14 ladder comparison table was read,,,
d17_retro_tag,,,,,,,,,,,,,,,2.7a in-window scoping canonical (13.7),,,,,,,,9.10: the decision to treat in-window values as canonical was made in session 13.7 with strategy results visible; it changes reported validation statistics and not the return series.,written before the session-14 ladder comparison table was read,,,
d17_retro_tag,,,,,,,,,,,,,,,7.14 windows (13.7),,,,,,,,"9.10: window boundaries set in session 13.7 with results visible; the boundary is the last unavailable realized fill, an implementability criterion fixed independently of performance.",written before the session-14 ladder comparison table was read,,,
d17_retro_tag,,,,,,,,,,,,,,,"4.6 close at 1,000,000 (13.7)",,,,,,,,9.10: closure made in session 13.7 with results visible; the value was fixed pre-result and the closure added the liquidity check.,written before the session-14 ladder comparison table was read,,,
d17_retro_tag,,,,,,,,,,,,,,,1.9/2.11 completion closure (13.7),,,,,,,,"9.10: closure made in session 13.7 with results visible, formalising a rule adopted pre-result.",written before the session-14 ladder comparison table was read,,,
d17_retro_tag,,,,,,,,,,,,,,,4.5 four arms + splice (13.7),,,,,,,,9.10: arm structure and splice date set in session 13.7 with results visible; the splice date is a market-history fact independent of performance.,written before the session-14 ladder comparison table was read,,,
d17_retro_tag,,,,,,,,,,,,,,,2.14 split + widened sweep (13.8),,,,,,,,9.10: split and widened sweep set in session 13.8 with results visible; the base is observable and the sweep widens rather than narrows the assumed range.,written before the session-14 ladder comparison table was read,,,
d17_retro_tag,,,,,,,,,,,,,,,"4.4 tiered arm volume-based (13.8, superseded 13.9)",,,,,,,,9.10: tier construction chosen in session 13.8 with results visible; superseded in session 13.9 by the class-based map.,written before the session-14 ladder comparison table was read,,,
d17_retro_tag,,,,,,,,,,,,,,,4.5 Arm S canonical (13.8),,,,,,,,9.10: canonical arm designated in session 13.8 with results visible; Arm F is retained alongside as the conservative bound.,written before the session-14 ladder comparison table was read,,,
d17_closure,,,,,,,,,,,,,,,,,,,,,,,,,11.0,CLOSED,"The tags were written before any ladder line comparison was read. They were not written before the session-14 run began: the ladder, the segment decomposition, and the premium sweep had executed and their strategy-side figures were visible. The ordering the session prompt specified was therefore partially achieved, and the shortfall is recorded rather than described as met. The tags are mechanical records of when each decision was made and what it governs, carrying no judgement that a benchmark result could influence."
