table,n_draws,register_fixed,note,convention,n_episodes,mean_episode_len,median_episode_len,measured_transition_rate_per_session,measured_transitions_per_year,mean_cost_frac_per_transition,window,fast,reference,abs_gap,null,observed_ann_return,observed_sharpe_lo,null_ann_mean,null_ann_p05,null_ann_p50,null_ann_p95,null_ann_max,strategy_percentile_ann,p_value_ann_one_sided,null_sharpe_mean,null_sharpe_p95,null_sharpe_max,strategy_percentile_sharpe,p_value_sharpe_one_sided,hypothesis,mean_daily_diff,t_stat,rw_adjusted_p,family_size,best_sleeve_line,best_sleeve_sharpe_lo,strategy_sharpe_lo,disclosure,pair,correlation
draw_count,1000.0,True,"8.8/8.9 as recorded in session 12.6 fix 1,000 draws; the count was fixed in the register before any result existed and is not chosen here",,,,,,,,,,,,,,,,,,,,,,,,,,,,,,,,,,,,,
null_setup,,,,o2o,1370.0,2.5255474452554743,1.0,0.39566473988439305,99.70751445086705,0.000752268648582234,,,,,,,,,,,,,,,,,,,,,,,,,,,,,,
lo_sharpe_control,,,,o2o,,,,,,,primary,1.3846209839337438,1.3846209839337436,2.220446049250313e-16,,,,,,,,,,,,,,,,,,,,,,,,,,
null_distribution,1000.0,,,o2o,,,,,,,primary,,,,timing_shuffle_block_bootstrap,0.5225924351843778,1.3846209839337436,-0.045298067317252604,-0.2453429739990133,-0.05854717537886328,0.1937617191201582,0.4311993363594715,100.0,0.0,0.10661966391362987,0.6232446644935292,1.169269979463221,100.0,0.0,,,,,,,,,,,
null_distribution,1000.0,,,o2o,,,,,,,primary,,,,turnover_matched_switching,0.5225924351843778,1.3846209839337436,-0.06951169021336417,-0.2495228279956313,-0.08043485549651291,0.12914609397262553,0.396179882904246,100.0,0.0,0.020361563610139178,0.5338262660882291,0.9946254081159535,100.0,0.0,,,,,,,,,,,
null_setup,,,,c2c,1370.0,2.5255474452554743,1.0,0.39566473988439305,99.70751445086705,0.00043612232510264126,,,,,,,,,,,,,,,,,,,,,,,,,,,,,,
lo_sharpe_control,,,,c2c,,,,,,,full,0.7161202596483875,0.7161202596483875,0.0,,,,,,,,,,,,,,,,,,,,,,,,,,
null_distribution,1000.0,,,c2c,,,,,,,full,,,,timing_shuffle_block_bootstrap,0.21363372588570795,0.7161422278493822,-0.013726007356046847,-0.16745196467114057,-0.02154064422904728,0.15151401874902293,0.3196456368767766,98.9,0.011,0.17514631775680647,0.6120761171444683,1.030550639458095,98.7,0.013,,,,,,,,,,,
null_distribution,1000.0,,,c2c,,,,,,,full,,,,turnover_matched_switching,0.21363372588570795,0.7161422278493822,-0.026120224742767185,-0.17038007990532603,-0.02966513826199807,0.1273932489890519,0.2591239990722569,99.4,0.006,0.11624550737701139,0.5171591888794456,0.9637550831201216,99.2,0.008,,,,,,,,,,,
lo_sharpe_control,,,,c2c,,,,,,,primary,0.928624610696173,0.928624610696173,0.0,,,,,,,,,,,,,,,,,,,,,,,,,,
null_distribution,1000.0,,,c2c,,,,,,,primary,,,,timing_shuffle_block_bootstrap,0.2971065884533939,0.928624610696173,-0.015714145342237237,-0.22079644988584723,-0.02655974653816512,0.22642720671220423,0.4941968070694467,98.0,0.02,0.19672518120902677,0.6912473680975845,1.2796170639371465,98.9,0.011,,,,,,,,,,,
null_distribution,1000.0,,,c2c,,,,,,,primary,,,,turnover_matched_switching,0.2971065884533939,0.928624610696173,-0.03648141743848488,-0.22281691444640123,-0.0510637089595653,0.18511436116282506,0.36781118010893366,99.6,0.004,0.11251320931215229,0.6314037665365227,1.2048246146248174,99.5,0.005,,,,,,,,,,,
romano_wolf,,,"one-sided, stationary block bootstrap, block 21 sessions, 1000 draws, designated cell (o2o realized primary)",,,,,,,,,,,,,,,,,,,,,,,,,,,strategy_minus_buy_hold_QQQ,0.0012313215185384917,2.204176164452484,0.052,11.0,,,,,,
romano_wolf,,,"one-sided, stationary block bootstrap, block 21 sessions, 1000 draws, designated cell (o2o realized primary)",,,,,,,,,,,,,,,,,,,,,,,,,,,strategy_minus_buy_hold_TQQQ,-0.0004328031340002173,-0.6076290048893164,0.96,11.0,,,,,,
romano_wolf,,,"one-sided, stationary block bootstrap, block 21 sessions, 1000 draws, designated cell (o2o realized primary)",,,,,,,,,,,,,,,,,,,,,,,,,,,strategy_minus_vol_targeted_QQQ_matched,0.0009037138475652179,1.5309312116596714,0.24,11.0,,,,,,
romano_wolf,,,"one-sided, stationary block bootstrap, block 21 sessions, 1000 draws, designated cell (o2o realized primary)",,,,,,,,,,,,,,,,,,,,,,,,,,,strategy_minus_naive_fast_1d_momentum,0.0009060196790235032,1.3372787499616074,0.324,11.0,,,,,,
romano_wolf,,,"one-sided, stationary block bootstrap, block 21 sessions, 1000 draws, designated cell (o2o realized primary)",,,,,,,,,,,,,,,,,,,,,,,,,,,strategy_minus_sleeve_T10_standalone,0.0009806490599772904,1.6841000546718903,0.219,11.0,,,,,,
romano_wolf,,,"one-sided, stationary block bootstrap, block 21 sessions, 1000 draws, designated cell (o2o realized primary)",,,,,,,,,,,,,,,,,,,,,,,,,,,strategy_minus_sleeve_T11_standalone,0.0004045613735828518,0.9100680763536101,0.563,11.0,,,,,,
romano_wolf,,,"one-sided, stationary block bootstrap, block 21 sessions, 1000 draws, designated cell (o2o realized primary)",,,,,,,,,,,,,,,,,,,,,,,,,,,strategy_minus_sleeve_S2_standalone,-0.0006793921383004228,-1.5124184231567779,0.983,11.0,,,,,,
romano_wolf,,,"one-sided, stationary block bootstrap, block 21 sessions, 1000 draws, designated cell (o2o realized primary)",,,,,,,,,,,,,,,,,,,,,,,,,,,strategy_minus_sleeve_S3_standalone,-0.0004882695765015559,-1.1433887263012048,0.983,11.0,,,,,,
romano_wolf,,,"one-sided, stationary block bootstrap, block 21 sessions, 1000 draws, designated cell (o2o realized primary)",,,,,,,,,,,,,,,,,,,,,,,,,,,strategy_minus_matched_exposure_levered_QQQ_1.70,0.0006748628459931231,1.1776189972656952,0.411,11.0,,,,,,
romano_wolf,,,"one-sided, stationary block bootstrap, block 21 sessions, 1000 draws, designated cell (o2o realized primary)",,,,,,,,,,,,,,,,,,,,,,,,,,,strategy_minus_long_legs_only,-0.00022009831986089486,-1.5471520674408517,0.983,11.0,,,,,,
romano_wolf,,,"one-sided, stationary block bootstrap, block 21 sessions, 1000 draws, designated cell (o2o realized primary)",,,,,,,,,,,,,,,,,,,,,,,,,,,strategy_minus_equal_weight_universe,0.001377575469721886,2.2878595556158166,0.033,11.0,,,,,,
ensemble_vs_best_sleeve,,,,,,,,,,,,,,,,,,,,,,,,,,,,,,,,,0.983,,sleeve_S2_standalone,1.3557787688957572,1.3846209839337436,"post-hoc under 9.10: the best single sleeve is identified after the sleeve tracks were measured, and the comparison joins the 8.10 Romano-Wolf family rather than standing as a separate test",,
sleeve_pairwise_correlation,,,,,,,,,,,,,,,,,,,,,,,,,,,,,,,,,,,,,,,sleeve_T10_standalone|sleeve_T11_standalone,0.524079590286573
sleeve_pairwise_correlation,,,,,,,,,,,,,,,,,,,,,,,,,,,,,,,,,,,,,,,sleeve_S2_standalone|sleeve_T10_standalone,0.3537319337564553
sleeve_pairwise_correlation,,,,,,,,,,,,,,,,,,,,,,,,,,,,,,,,,,,,,,,sleeve_S2_standalone|sleeve_T11_standalone,0.49338452594798876
sleeve_pairwise_correlation,,,,,,,,,,,,,,,,,,,,,,,,,,,,,,,,,,,,,,,sleeve_S2_standalone|sleeve_S3_standalone,0.7166615272050236
sleeve_pairwise_correlation,,,,,,,,,,,,,,,,,,,,,,,,,,,,,,,,,,,,,,,sleeve_S3_standalone|sleeve_T10_standalone,0.465549151252916
sleeve_pairwise_correlation,,,,,,,,,,,,,,,,,,,,,,,,,,,,,,,,,,,,,,,sleeve_S3_standalone|sleeve_T11_standalone,0.4701767157322425
