table,panel,convention,arm,window,sharpe_lo_arithmetic_numerator,sharpe_geometric_numerator,ann_return_geometric,arith_mean_excess_ann,variance_drag_approx,mean_ann_vol,variance_drag_pp,note
dual_numerator,synthetic,c2c,F,full,0.6993333942962938,0.3203143371004217,0.1799947669067163,0.3055676099264353,0.14758272525401614,,,
dual_numerator,synthetic,c2c,F,primary_2011_10,0.9777190840835154,0.5768171016881654,0.312612793021406,0.4066121885963373,0.1412170160874602,,,
dual_numerator,synthetic,c2c,F,early_synthetic_only,0.1485575801749009,-0.1789957739963697,-0.0966347173930558,0.0521367549057109,0.16352946319698947,,,
dual_numerator,synthetic,c2c,T,full,0.6981174782063831,0.31921200269266264,0.1793978365967747,0.3050654424332564,0.14758605841933464,,,
dual_numerator,synthetic,c2c,T,primary_2011_10,0.97663013322711,0.5757574342576125,0.3120535093901244,0.4061900736136637,0.14122058971095844,,,
dual_numerator,synthetic,c2c,T,early_synthetic_only,0.1465691146734841,-0.1801095875378505,-0.0972724685444721,0.051433806622999,0.16353191318948004,,,
dual_numerator,synthetic,c2c,S,full,0.699962606734797,0.3250565337239667,0.1825611047103452,0.307720514441845,0.14756591767635013,,,
dual_numerator,synthetic,c2c,S,primary_2011_10,0.9773620245925074,0.5843849512634506,0.3166075005822129,0.4096234691134429,0.14119229032986588,,,
dual_numerator,synthetic,c2c,S,early_synthetic_only,0.1485575801749009,-0.1789957739963697,-0.0966347173930558,0.0521367549057109,0.16352946319698947,,,
dual_numerator,synthetic,c2c,Z,full,0.7296326901259389,0.3507321793756439,0.1964782038263701,0.3193752304009582,0.14751718954041987,,,
dual_numerator,synthetic,c2c,Z,primary_2011_10,1.0133302616175637,0.6144680816563955,0.3325226815805857,0.4215870732932323,0.14113093395012732,,,
dual_numerator,synthetic,c2c,Z,early_synthetic_only,0.1792902693091979,-0.1616796978325204,-0.0867266730784018,0.0630167441206738,0.16351127516242114,,,
dual_numerator,realized,c2c,F,full,0.7218006741555255,0.45628943796412064,0.2125262190564325,0.2885479263384214,0.10246191872243894,,,
dual_numerator,realized,c2c,F,primary_2011_10,0.936623470485148,0.5658711889488786,0.2958119119343407,0.3831295156827813,0.13108988603163166,,,
dual_numerator,realized,c2c,T,full,0.7208182597263952,0.4552406044838336,0.2120541362655903,0.2881614468773998,0.10246461207763846,,,
dual_numerator,realized,c2c,T,primary_2011_10,0.9354798527998496,0.5647653375729375,0.2952499672584829,0.3826998645143139,0.13109377538828157,,,
dual_numerator,realized,c2c,S,full,0.721692313687038,0.4621626256945299,0.2151697081355805,0.2907091772957569,0.10244701555042882,,,
dual_numerator,realized,c2c,S,primary_2011_10,0.9361026825191808,0.5736397735916989,0.2997650631320665,0.3861524704184965,0.13106789711812775,,,
dual_numerator,realized,c2c,Z,full,0.7472389310592578,0.48817732255827806,0.226890777599287,0.3002614923160049,0.10239644998331106,,,
dual_numerator,realized,c2c,Z,primary_2011_10,0.9720139545404136,0.6041933878120919,0.3153226618240521,0.3979872689355799,0.13099536403984957,,,
dual_numerator,realized,o2o,F,primary_2011_10,1.3785635809266972,1.0130281413547162,0.5239729547171104,0.5449518484343658,0.1306863743584578,,,
dual_numerator,realized,o2o,T,primary_2011_10,1.3774572380903716,1.0118146118359048,0.523351967017768,0.5445438294774493,0.1306860836936121,,,
dual_numerator,realized,o2o,S,primary_2011_10,1.3741737175282862,1.0221332094877114,0.5286360970331241,0.5480114153691477,0.1306904809307559,,,
dual_numerator,realized,o2o,Z,primary_2011_10,1.416462496861339,1.057771735181872,0.5468805052860832,0.559900196830169,0.13070210949339897,,,
dual_numerator,realized,o2o_nopremium,F,primary_2011_10,1.4905457704782412,1.1506960125717136,0.5945440550986372,0.5903369138075247,0.13077032133064392,,,
dual_numerator,realized,o2o_nopremium,T,primary_2011_10,1.4894161028744992,1.149438508601898,0.5939018569886365,0.5899342550022172,0.13077072289708255,,,
dual_numerator,realized,o2o_nopremium,S,primary_2011_10,1.4852347180088563,1.1601988652537862,0.5994162987814926,0.5933940958207027,0.13077578089096942,,,
dual_numerator,realized,o2o_nopremium,Z,primary_2011_10,1.528289828377514,1.1974231185398618,0.6184941527101511,0.6052835892394796,0.13079311521830211,,,
variance_drag_by_window,,,,early_synthetic_only,,,,,,0.5718837794192189,16.352552868647003,
variance_drag_by_window,,,,full,,,,,,0.49794859438240413,12.500273590299226,
variance_drag_by_window,,,,primary_2011_10,,,,,,0.5165137492255537,13.343017134184532,
convention,,,,,,,,,,,,"REGISTERED (8.2 amendment): Sharpe numerator is the ARITHMETIC mean excess return over DTB3, annualised x252; the geometric annualised return is reported separately. At ~53% volatility the variance drag is ~14 pp/yr, which is how a positive Sharpe coexists with a negative CAGR on the early window."
