table,axis,axis_value,is_canonical_value,n_specifications,pbo,pbo_min,pbo_max,pbo_range,full_grid_pbo,full_grid_inside_range,degradation_slope,degradation_intercept,degradation_r_squared,probability_of_loss,selected_oos_sharpe_mean,selected_is_sharpe_mean,n_dead_terminals,dead_terminals,n_axes_inside,n_axes_full_above,n_axes_full_below,seconds,peak_rss_gb,note
replacement,smooth_axis_restriction,,,27,,,,,,,,,,,,,,,,,,,,"NOT RUN. All six structural axes held at canonical leaves 3 x 3 x 3 = 27 specifications, which is not comparable to a 121,500-point PBO. Replaced by the stratification below"
preregistration,S,,,16,,,,,,,,,,,,,,,,,,,,identical to step 4 so the stratified and full-grid figures compare
preregistration,performance_metric,,,,,,,,,,,,,,,,,,,,,,,"naive Sharpe, not Lo-corrected, because autocovariance is not additive across disjoint blocks"
preregistration,combination_seed,,,20260821,,,,,,,,,,,,,,,,,,,,
reference,full_grid,,,121500,0.1578088578088578,,,,,,-1.0663023854544191,2.7549013078347317,0.5469127629590327,7.77000777000777e-05,,,,,,,,,,"read from outputs/session-19/pbo.csv, the step 4 primary pass; identical construction, being S=16 over the full 12,870 enumeration at seed 20260821 on the naive Sharpe"
stratum,sma_long,50,0,30375,0.10334110334110334,,,,,,-0.9156606420926332,2.1939412505275913,0.5229079182953557,0.0006993006993006993,0.803088135697393,1.5189613388335315,1,"_t11_feaver_bear:L233 return ""PSQ""",,,,32.71,3.087,
stratum,sma_long,100,0,30375,0.1881895881895882,,,,,,-0.9663290691970281,2.3739234974474255,0.6549630507914204,0.0,0.865650196065983,1.5608278271445808,2,"_t11_bond_baller:L206 return ""TQQQ""; _t11_feaver_bear:L233 return ""PSQ""",,,,31.69,3.166,
stratum,sma_long,150,0,30375,0.1303030303030303,,,,,,-0.9815679676854617,2.4154246257358336,0.6763902256486233,0.0,0.9131648242902621,1.530469464063607,2,"_t11_bond_baller:L206 return ""TQQQ""; _t11_feaver_bear:L233 return ""PSQ""",,,,33.26,3.433,
stratum,sma_long,200,1,30375,0.14553224553224553,,,,,,-1.0976211034148977,2.878012283973611,0.6478210480170585,0.0,1.0476131513627873,1.667605630864894,2,"_t11_bond_baller:L206 return ""TQQQ""; _t11_feaver_bear:L233 return ""PSQ""",,,,33.92,3.433,
axis_range,sma_long,,,4,,0.10334110334110334,0.1881895881895882,0.08484848484848485,0.1578088578088578,1,,,,,,,,,,,,,,range of stratum PBO across the values of this axis
stratum,crash_threshold,-5.0,0,24300,0.18073038073038072,,,,,,-1.0579058297929118,2.7453312616098366,0.5444498645481636,7.77000777000777e-05,0.9741065157923505,1.6742744920539934,2,"_t11_bond_baller:L206 return ""TQQQ""; _t11_feaver_bear:L233 return ""PSQ""",,,,22.74,3.433,
stratum,crash_threshold,-10.0,0,24300,0.17334887334887336,,,,,,-1.0804816805744408,2.7360865829105774,0.5372972566690075,0.0002331002331002331,0.951863294427722,1.651322109907748,2,"_t11_bond_baller:L206 return ""TQQQ""; _t11_feaver_bear:L233 return ""PSQ""",,,,22.57,3.433,
stratum,crash_threshold,-15.0,1,24300,0.1707070707070707,,,,,,-1.0517796017348426,2.6739618755756265,0.5388325927055065,0.0002331002331002331,0.9427711769597951,1.645963370805387,2,"_t11_bond_baller:L206 return ""TQQQ""; _t11_feaver_bear:L233 return ""PSQ""",,,,18.35,3.433,
stratum,crash_threshold,-20.0,0,24300,0.16876456876456877,,,,,,-1.046501412308935,2.641490496400992,0.5434991500467268,0.0001554001554001554,0.9324313015758908,1.6331169501762477,4,"_t11_bond_baller:L206 return ""TQQQ""; _t11_feaver_bear:L229 return ""QLD""; _t11_feaver_bear:L230 return ""BTAL""; _t11_feaver_bear:L233 return ""PSQ""",,,,23.1,3.433,
stratum,crash_threshold,-25.0,0,24300,0.17264957264957265,,,,,,-1.0499601384524937,2.6430507625381923,0.5355632236658825,7.77000777000777e-05,0.9295874203619053,1.6319318033365633,4,"_t11_bond_baller:L206 return ""TQQQ""; _t11_feaver_bear:L229 return ""QLD""; _t11_feaver_bear:L230 return ""BTAL""; _t11_feaver_bear:L233 return ""PSQ""",,,,68.27,3.433,
axis_range,crash_threshold,,,5,,0.16876456876456877,0.18073038073038072,0.011965811965811951,0.1578088578088578,0,,,,,,,,,,,,,,range of stratum PBO across the values of this axis
stratum,rsi_dip,7,0,40500,0.1874125874125874,,,,,,-0.9669370280918477,2.5760926305753915,0.4935447854701952,0.0,0.9979137444825031,1.6321423631973906,1,"_t11_bond_baller:L206 return ""TQQQ""",,,,87.25,3.433,
stratum,rsi_dip,14,1,40500,0.15944055944055943,,,,,,-1.0271777834353581,2.6611406801267408,0.5678425010468389,7.77000777000777e-05,0.9744394836619698,1.642073284357515,2,"_t11_bond_baller:L206 return ""TQQQ""; _t11_feaver_bear:L233 return ""PSQ""",,,,142.89,3.433,
stratum,rsi_dip,28,0,40500,0.06674436674436675,,,,,,-1.1714919344999462,2.9176147101602923,0.579004045157153,7.77000777000777e-05,1.0221493490600928,1.6179926683910835,8,"_t11_bond_baller:L206 return ""TQQQ""; _t11_feaver_bear:L233 return ""PSQ""; s2_weights:L293 return {""TECL"": 1.0}; s2_weights:L295 return {""SOXL"": 1.0}; t10_weights:L174 return {""TECL"": 1.0}; t10_weights:L176 return {""SOXL"": 1.0}; t10_weights:L180 return {""LABU"": 1.0}; t11_weights:L253 return {""TQQQ"": 1.0}",,,,184.35,3.433,
axis_range,rsi_dip,,,3,,0.06674436674436675,0.1874125874125874,0.12066822066822065,0.1578088578088578,1,,,,,,,,,,,,,,range of stratum PBO across the values of this axis
stratum,rsi_rs,7,0,40500,0.12315462315462315,,,,,,-0.9695078488657188,2.3648551803323348,0.5908044242600894,7.77000777000777e-05,0.8730550916718066,1.5387189391048932,1,"_t11_feaver_bear:L233 return ""PSQ""",,,,262.03,3.433,
stratum,rsi_rs,14,1,40500,0.17195027195027196,,,,,,-0.9361530589344905,2.250009927343785,0.498964040331465,0.0,0.8336351092172447,1.5129735512893876,2,"_t11_bond_baller:L206 return ""TQQQ""; _t11_feaver_bear:L233 return ""PSQ""",,,,134.03,3.433,
stratum,rsi_rs,28,0,40500,0.23030303030303031,,,,,,-1.1569199499799645,2.933995074893808,0.6266353056511536,7.77000777000777e-05,1.000001178222555,1.6716747746503504,1,"_t11_feaver_bear:L233 return ""PSQ""",,,,95.66,3.433,
axis_range,rsi_rs,,,3,,0.12315462315462315,0.23030303030303031,0.10714840714840716,0.1578088578088578,1,,,,,,,,,,,,,,range of stratum PBO across the values of this axis
stratum,overbought_t1,60,0,24300,0.010644910644910644,,,,,,-0.8066351054622404,0.9994117422771829,0.7468496984308486,0.10233100233100233,0.40716855704993177,0.7342144932904539,2,"_t11_bond_baller:L206 return ""TQQQ""; _t11_feaver_bear:L233 return ""PSQ""",,,,39.34,3.433,
stratum,overbought_t1,65,0,24300,0.010023310023310023,,,,,,-0.7557663121958268,2.0012432062140078,0.6784063585082878,0.0,0.9787197951473651,1.3529624098959534,2,"_t11_bond_baller:L206 return ""TQQQ""; _t11_feaver_bear:L233 return ""PSQ""",,,,42.09,3.433,
stratum,overbought_t1,70,1,24300,0.2355089355089355,,,,,,-0.7248804678073308,1.9779186249873666,0.6059829203379941,7.77000777000777e-05,0.9347051188714514,1.4391524567788412,2,"_t11_bond_baller:L206 return ""TQQQ""; _t11_feaver_bear:L233 return ""PSQ""",,,,30.87,3.433,
stratum,overbought_t1,75,0,24300,0.4672882672882673,,,,,,-0.8463070859957902,2.2029655396163603,0.49941584089789093,0.0003108003108003108,0.9082299328283807,1.5298650196985586,2,"_t11_bond_baller:L206 return ""TQQQ""; _t11_feaver_bear:L233 return ""PSQ""",,,,28.45,3.433,
stratum,overbought_t1,80,0,24300,0.3048174048174048,,,,,,-1.0437372864986432,2.758318444120693,0.5549508221598012,0.0,1.0632809983359934,1.6240077533983026,3,"_t11_bond_baller:L206 return ""TQQQ""; _t11_feaver_bear:L233 return ""PSQ""; t11_weights:L248 return {""UVXY"": 1.0}",,,,54.48,3.433,
axis_range,overbought_t1,,,5,,0.010023310023310023,0.4672882672882673,0.45726495726495725,0.1578088578088578,1,,,,,,,,,,,,,,range of stratum PBO across the values of this axis
stratum,oversold,20,0,24300,0.07311577311577312,,,,,,-1.0757495945224902,2.734070263787225,0.5873860878133575,0.0003108003108003108,1.0141890780430989,1.5987746539728491,5,"_t11_bond_baller:L206 return ""TQQQ""; _t11_feaver_bear:L233 return ""PSQ""; s2_weights:L295 return {""SOXL"": 1.0}; t10_weights:L176 return {""SOXL"": 1.0}; t10_weights:L180 return {""LABU"": 1.0}",,,,26.72,3.433,
stratum,oversold,25,0,24300,0.09207459207459208,,,,,,-1.0224761965724158,2.6859916277372076,0.5270901414544367,7.77000777000777e-05,0.9986081396351187,1.6502912182783342,3,"_t11_bond_baller:L206 return ""TQQQ""; _t11_feaver_bear:L233 return ""PSQ""; t10_weights:L180 return {""LABU"": 1.0}",,,,113.28,3.433,
stratum,oversold,30,1,24300,0.13916083916083916,,,,,,-1.0644394768983356,2.6226561470253773,0.5705365209981692,0.0002331002331002331,0.9406101968789291,1.5802175573643256,2,"_t11_bond_baller:L206 return ""TQQQ""; _t11_feaver_bear:L233 return ""PSQ""",,,,38.42,3.433,
stratum,oversold,35,0,24300,0.1853146853146853,,,,,,-1.135696164830396,2.8475396858033544,0.5572589508953978,7.77000777000777e-05,1.0042056372904253,1.6230873235256624,2,"_t11_bond_baller:L206 return ""TQQQ""; _t11_feaver_bear:L230 return ""BTAL""",,,,56.14,3.433,
stratum,oversold,40,0,24300,0.20264180264180265,,,,,,-0.9128729601903837,2.44317060906929,0.43515885137048027,0.0,1.0176190286211817,1.5616100406247124,2,"_t11_bond_baller:L206 return ""TQQQ""; _t11_feaver_bear:L230 return ""BTAL""",,,,71.97,3.433,
axis_range,oversold,,,5,,0.07311577311577312,0.20264180264180265,0.12952602952602954,0.1578088578088578,1,,,,,,,,,,,,,,range of stratum PBO across the values of this axis
interpretation,full_grid_against_strata,,,,,,,,0.1578088578088578,,,,,,,,,,5,0,1,,,"the full-grid PBO exceeds none of the 6 within-stratum ranges, lying inside 5 of them and below 1, which indicates search across strategy shapes does not contribute overfitting beyond parameter search, with the one range it falls below indicating the full grid overfits less than any single stratum of that axis"
