arm,slippage_bp,total_return,ann_return,ann_vol,sharpe_naive,sharpe_lo,max_drawdown,calmar,ann_turnover_one_sided,total_commission,total_slippage,end_nav,n_sessions,years,transitions_in_slice,unavailable_fills_in_slice
synthetic,0,23.1731195321961,0.38362803431388914,0.5309598471320036,0.8645970536421382,1.1007167755012106,-0.6634159373071886,0.5782617099478178,41.93686508043699,273951.2780953258,0.0,19574188.29113886,2473,9.80952380952381,991,0
synthetic,5,18.733145777634835,0.355297311256932,0.5311796041381763,0.8254958232332492,1.0509641503777065,-0.6646116965634241,0.5345938283874693,41.97583629875761,214808.36488448083,522969.27503839217,14630675.122632809,2473,9.80952380952381,991,0
synthetic,10,15.107065519581099,0.3275331164709645,0.5313998901491929,0.7864124893170202,1.0011904003662522,-0.6658350137872686,0.4919133264079289,42.00794429992973,169120.34672278483,826980.7235755993,10951692.910897048,2473,9.80952380952381,991,0
synthetic,20,9.723703708076583,0.2736061576574158,0.5318587335887486,0.7082066721797418,0.9012922294621676,-0.66818975765863,0.4094737378437906,42.04768000374184,105499.49892883452,1039429.8358017157,6121409.817151812,2473,9.80952380952381,991,0
synthetic,35,4.8167400281407415,0.19661041981371108,0.5325801327041291,0.5908846819411139,0.751557659700303,-0.6717730720609661,0.29267386263417816,42.04584374006376,53265.04821373255,923255.5570170095,2550637.485333144,2473,9.80952380952381,991,0
synthetic,50,2.149458595258219,0.12406399906068422,0.533240944959263,0.4735506004665143,0.6020006088519789,-0.674996050909467,0.18379959244728106,41.962539325391624,28112.56869246118,686419.3064425988,1058472.1418277498,2473,9.80952380952381,991,0
realized,0,20.059535724594095,0.3643150902095573,0.511452432831193,0.8492994316594313,1.0562396259778202,-0.6430675924810616,0.5665269008565168,42.27665076590891,343097.53475509066,0.0,24928315.742276672,2473,9.80952380952381,993,1
realized,5,16.154723807487557,0.3360885267460543,0.5117085080208401,0.8082523618406048,1.0055463099559792,-0.644886684081677,0.52115904242099,42.317895869005184,283518.03704874055,693371.4712456684,19613435.233649272,2473,9.80952380952381,993,1
realized,10,12.976635391688385,0.30847173719069243,0.5119777407164442,0.767280423572197,0.9549026976997417,-0.6466584805200498,0.47702418893913845,42.350025215619794,234988.04217575912,1155353.5007355758,15436855.299707336,2473,9.80952380952381,993,1
realized,20,8.269726637995234,0.25482884272839934,0.5125325084743988,0.6853017455604727,0.8533121522208005,-0.6502173568980758,0.39191331948455627,42.38541812476773,162652.72715257757,1615723.6112847095,9551228.09022639,2473,9.80952380952381,993,1
realized,35,4.0043693371086,0.17840043825688734,0.5134164961093538,0.5625915997484359,0.7009925649017595,-0.6555305433285219,0.2721466452974735,42.36068725021129,95975.02078076176,1691501.3950044424,4646318.824590846,2473,9.80952380952381,993,1
realized,50,1.6973950355109908,0.10644859316830724,0.5143198070354462,0.44001797132020876,0.5483911340779052,-0.6606089472635149,0.1611370745268535,42.24058173818303,58553.679992812744,1488797.6448241705,2256462.4402104593,2473,9.80952380952381,993,1
