table,state,note,ablation,panel,ann_return,ann_vol,sharpe_naive,sharpe_lo,max_drawdown,calmar,ann_turnover_one_sided,delta_ann_return,delta_sharpe_lo,delta_max_drawdown,delta_mean_eff_exposure,year,ablated_return,base_return,difference
armA_affected_states,T10:100%UVXY (overbought cascade),,,,,,,,,,,,,,,,,,
armA_affected_states,T11:100%UVXY (tier two),,,,,,,,,,,,,,,,,,
armA_affected_states,"T11:33%UVXY+33%BIL+33%BTAL (tier one, UVXY slice only)",,,,,,,,,,,,,,,,,,
armA_affected_states,S2:100%UVXY (gate overbought),,,,,,,,,,,,,,,,,,
armA_affected_states,S3:100%UVXY (bull overbought; UVIX availability switch resolves to UVXY),,,,,,,,,,,,,,,,,,
armB_scope,,"SQQQ, PSQ, TECS, SOXS are held targets; SH is never a target (signal side of AGG>SH only) — removal is a no-op for SH",,,,,,,,,,,,,,,,,
ablation_headline_anchor,,,A_no_UVXY,synthetic,0.19025476979067935,0.4400463372350589,0.607023481234488,0.8600537841720655,-0.6862299885942447,0.2772463648527222,33.06950745421309,0.006990207854868924,0.15780900028649747,0.08428708105067195,-0.30249896477051297,,,,
ablation_yearly,,,A_no_UVXY,synthetic,,,,,,,,,,,,2007.0,-0.03341627126310709,-0.03341627126310709,0.0
ablation_yearly,,,A_no_UVXY,synthetic,,,,,,,,,,,,2008.0,-0.04040990884291329,0.05668341404803523,-0.09709332289094852
ablation_yearly,,,A_no_UVXY,synthetic,,,,,,,,,,,,2009.0,0.4481196272991512,0.17969463137791708,0.26842499592123414
ablation_yearly,,,A_no_UVXY,synthetic,,,,,,,,,,,,2010.0,-0.1979566037847721,-0.4939785335405066,0.2960219297557345
ablation_yearly,,,A_no_UVXY,synthetic,,,,,,,,,,,,2011.0,-0.2676374804136049,-0.14869608679788415,-0.11894139361572076
ablation_yearly,,,A_no_UVXY,synthetic,,,,,,,,,,,,2012.0,0.32054152216674314,-0.20529013712927913,0.5258316592960223
ablation_yearly,,,A_no_UVXY,synthetic,,,,,,,,,,,,2013.0,0.4722795079034463,0.7322980677017759,-0.26001855979832955
ablation_yearly,,,A_no_UVXY,synthetic,,,,,,,,,,,,2014.0,0.4363449102894674,0.4090678119325484,0.02727709835691905
ablation_yearly,,,A_no_UVXY,synthetic,,,,,,,,,,,,2015.0,0.18836091701820612,-0.0741987513014688,0.2625596683196749
ablation_yearly,,,A_no_UVXY,synthetic,,,,,,,,,,,,2016.0,0.5731916261993857,0.12550856813277123,0.44768305806661446
ablation_yearly,,,A_no_UVXY,synthetic,,,,,,,,,,,,2017.0,0.6902250938015697,0.5430530608412785,0.14717203296029124
ablation_yearly,,,A_no_UVXY,synthetic,,,,,,,,,,,,2018.0,-0.17697269992915332,0.3980267474942809,-0.5749994474234342
ablation_yearly,,,A_no_UVXY,synthetic,,,,,,,,,,,,2019.0,0.5814619222955226,0.8037845042531138,-0.22232258195759114
ablation_yearly,,,A_no_UVXY,synthetic,,,,,,,,,,,,2020.0,-0.08760324673344821,0.5958608416496991,-0.6834640883831473
ablation_yearly,,,A_no_UVXY,synthetic,,,,,,,,,,,,2021.0,0.32087624565791484,0.5460454609736074,-0.22516921531569256
ablation_headline_anchor,,,A_no_UVXY,realized,0.20566625989871157,0.3581491190000379,0.6903567285590647,0.8982196728018002,-0.6680444211342762,0.30786315010236853,31.8655975039817,-0.009048267783985375,0.17690305995492517,0.024595777974962818,-0.24191044997583844,,,,
ablation_yearly,,,A_no_UVXY,realized,,,,,,,,,,,,2007.0,0.0008104539308222414,0.0008104539308222414,0.0
ablation_yearly,,,A_no_UVXY,realized,,,,,,,,,,,,2008.0,-0.014929986068541123,-0.014929986068541123,0.0
ablation_yearly,,,A_no_UVXY,realized,,,,,,,,,,,,2009.0,0.10227132209238676,0.10227132209238676,0.0
ablation_yearly,,,A_no_UVXY,realized,,,,,,,,,,,,2010.0,0.059749074365093024,0.059749074365093024,0.0
ablation_yearly,,,A_no_UVXY,realized,,,,,,,,,,,,2011.0,-0.26614589109578124,-0.26614589109578124,0.0
ablation_yearly,,,A_no_UVXY,realized,,,,,,,,,,,,2012.0,0.3968423421945424,-0.15764584913014146,0.5544881913246839
ablation_yearly,,,A_no_UVXY,realized,,,,,,,,,,,,2013.0,0.49623303113764994,0.5592692853151633,-0.06303625417751335
ablation_yearly,,,A_no_UVXY,realized,,,,,,,,,,,,2014.0,0.4108064757803662,0.2450219708169432,0.165784504963423
ablation_yearly,,,A_no_UVXY,realized,,,,,,,,,,,,2015.0,0.1992596229107375,-0.045213973215770475,0.24447359612650799
ablation_yearly,,,A_no_UVXY,realized,,,,,,,,,,,,2016.0,0.5925107072348572,0.23996409864255686,0.35254660859230036
ablation_yearly,,,A_no_UVXY,realized,,,,,,,,,,,,2017.0,0.6982725864364538,0.3993866168652602,0.2988859695711936
ablation_yearly,,,A_no_UVXY,realized,,,,,,,,,,,,2018.0,-0.14329661919767134,0.28307523938224044,-0.4263718585799118
ablation_yearly,,,A_no_UVXY,realized,,,,,,,,,,,,2019.0,0.5661260999857298,0.8843264835315523,-0.3182003835458225
ablation_yearly,,,A_no_UVXY,realized,,,,,,,,,,,,2020.0,-0.08921870362194795,0.6853851616848174,-0.7746038653067654
ablation_yearly,,,A_no_UVXY,realized,,,,,,,,,,,,2021.0,0.31925933325078915,0.5475187152205685,-0.22825938196977935
ablation_headline_anchor,,,B_no_inverse_equity,synthetic,0.24749194366811023,0.5503671134633706,0.66350720464486,0.724736407940728,-0.7798650535618373,0.3173522682389127,33.82896733187193,0.0642273817322998,0.02249162405516003,-0.00934798391692071,0.2724687686052434,,,,
ablation_yearly,,,B_no_inverse_equity,synthetic,,,,,,,,,,,,2007.0,-0.07425622208995464,-0.03341627126310709,-0.04083995082684755
ablation_yearly,,,B_no_inverse_equity,synthetic,,,,,,,,,,,,2008.0,-0.36755490095366383,0.05668341404803523,-0.42423831500169906
ablation_yearly,,,B_no_inverse_equity,synthetic,,,,,,,,,,,,2009.0,0.4912590551387883,0.17969463137791708,0.31156442376087123
ablation_yearly,,,B_no_inverse_equity,synthetic,,,,,,,,,,,,2010.0,-0.4973182556845437,-0.4939785335405066,-0.003339722144037105
ablation_yearly,,,B_no_inverse_equity,synthetic,,,,,,,,,,,,2011.0,-0.04784379008605388,-0.14869608679788415,0.10085229671183027
ablation_yearly,,,B_no_inverse_equity,synthetic,,,,,,,,,,,,2012.0,-0.21107430017135131,-0.20529013712927913,-0.005784163042072188
ablation_yearly,,,B_no_inverse_equity,synthetic,,,,,,,,,,,,2013.0,1.1703360651592085,0.7322980677017759,0.43803799745743266
ablation_yearly,,,B_no_inverse_equity,synthetic,,,,,,,,,,,,2014.0,0.4297170300421298,0.4090678119325484,0.020649218109581424
ablation_yearly,,,B_no_inverse_equity,synthetic,,,,,,,,,,,,2015.0,-0.10960613625095894,-0.0741987513014688,-0.03540738494949014
ablation_yearly,,,B_no_inverse_equity,synthetic,,,,,,,,,,,,2016.0,0.05597827620628215,0.12550856813277123,-0.06953029192648907
ablation_yearly,,,B_no_inverse_equity,synthetic,,,,,,,,,,,,2017.0,0.6370890580637294,0.5430530608412785,0.09403599722245093
ablation_yearly,,,B_no_inverse_equity,synthetic,,,,,,,,,,,,2018.0,0.617040937554437,0.3980267474942809,0.2190141900601561
ablation_yearly,,,B_no_inverse_equity,synthetic,,,,,,,,,,,,2019.0,1.076883154089011,0.8037845042531138,0.27309864983589716
ablation_yearly,,,B_no_inverse_equity,synthetic,,,,,,,,,,,,2020.0,1.3099321151484427,0.5958608416496991,0.7140712734987436
ablation_yearly,,,B_no_inverse_equity,synthetic,,,,,,,,,,,,2021.0,0.7033718851320274,0.5460454609736074,0.15732642415842002
ablation_headline_anchor,,,B_no_inverse_equity,realized,0.3132956611242719,0.46379669213937996,0.8054278117154854,0.8136609741909361,-0.6609974748928928,0.47397406650462304,32.49858829067079,0.09858113344157493,0.0923443613440611,0.031642724216346174,0.21242327783648585,,,,
ablation_yearly,,,B_no_inverse_equity,realized,,,,,,,,,,,,2007.0,0.009138337641049876,0.0008104539308222414,0.008327883710227635
ablation_yearly,,,B_no_inverse_equity,realized,,,,,,,,,,,,2008.0,-0.03871634773222665,-0.014929986068541123,-0.02378636166368553
ablation_yearly,,,B_no_inverse_equity,realized,,,,,,,,,,,,2009.0,0.14499506510543303,0.10227132209238676,0.04272374301304627
ablation_yearly,,,B_no_inverse_equity,realized,,,,,,,,,,,,2010.0,0.06021049513382115,0.059749074365093024,0.0004614207687281269
ablation_yearly,,,B_no_inverse_equity,realized,,,,,,,,,,,,2011.0,-0.17851562057479642,-0.26614589109578124,0.08763027052098482
ablation_yearly,,,B_no_inverse_equity,realized,,,,,,,,,,,,2012.0,-0.1737781376965557,-0.15764584913014146,-0.016132288566414243
ablation_yearly,,,B_no_inverse_equity,realized,,,,,,,,,,,,2013.0,0.9622118960274182,0.5592692853151633,0.4029426107122549
ablation_yearly,,,B_no_inverse_equity,realized,,,,,,,,,,,,2014.0,0.26443030300440684,0.2450219708169432,0.01940833218746363
ablation_yearly,,,B_no_inverse_equity,realized,,,,,,,,,,,,2015.0,-0.08611442156510118,-0.045213973215770475,-0.04090044834933071
ablation_yearly,,,B_no_inverse_equity,realized,,,,,,,,,,,,2016.0,0.16342341929303728,0.23996409864255686,-0.07654067934951958
ablation_yearly,,,B_no_inverse_equity,realized,,,,,,,,,,,,2017.0,0.48520480117506515,0.3993866168652602,0.08581818430980492
ablation_yearly,,,B_no_inverse_equity,realized,,,,,,,,,,,,2018.0,0.5096256811656963,0.28307523938224044,0.22655044178345585
ablation_yearly,,,B_no_inverse_equity,realized,,,,,,,,,,,,2019.0,1.1668409786797285,0.8843264835315523,0.28251449514817617
ablation_yearly,,,B_no_inverse_equity,realized,,,,,,,,,,,,2020.0,1.4166179503022862,0.6853851616848174,0.7312327886174688
ablation_yearly,,,B_no_inverse_equity,realized,,,,,,,,,,,,2021.0,0.7022027934465362,0.5475187152205685,0.15468407822596775
