table,bp,o2o_ann_return,o2o_ann_vol,o2o_sharpe_naive,o2o_sharpe_lo,o2o_max_drawdown,c2c_ann_return,c2c_ann_vol,c2c_sharpe_naive,c2c_sharpe_lo,c2c_max_drawdown,delta_ann_return,delta_sharpe_lo,vol_decile,mean_abs_dev_daily,p95_abs_dev_daily,n,note
open_to_open_2012on,0.0,0.7354521811243948,0.5151046168353728,1.3139792015520488,1.8006094599027567,-0.5260069606898928,0.4027910989691643,0.5132981344940474,0.901941880930312,1.225437911458695,-0.6433869419560776,0.3326610821552305,0.5751715484440616,,,,,
open_to_open_2012on,5.0,0.6995659979803937,0.5150468216014297,1.2734535373131872,1.743984295131983,-0.5274188112328443,0.3738387469359037,0.5135661626580252,0.8611044276058542,1.170291059277282,-0.6451943576004091,0.32572725104448996,0.5736932358547011,,,,,
open_to_open_2012on,10.0,0.6644798042435185,0.5149956169616535,1.2329803769760654,1.6875066320852248,-0.528828592341041,0.3455035089293048,0.5138414833085918,0.8203373708618498,1.1151202414895585,-0.6469965722328147,0.3189762953142137,0.5723863905956663,,,,,
open_to_open_2012on,20.0,0.5963017350509503,0.5149181988215118,1.1517893934007368,1.5740701040079947,-0.5316357003648498,0.2904880246479702,0.5144153882370069,0.7388045330376789,1.0046391508755514,-0.6505716620220243,0.3058137104029801,0.5694309531324433,,,,,
open_to_open_2012on,35.0,0.49920576918239123,0.51486036792485,1.0298855039224228,1.4040418283389342,-0.5358192966125385,0.21200840449869252,0.5153210971080672,0.6166301830850849,0.8385687116974003,-0.6558494030848947,0.2871973646836987,0.5654731166415339,,,,,
open_to_open_2012on,50.0,0.4078727056749816,0.5148699224895167,0.9077347706410769,1.2340787349469442,-0.5399658161627998,0.1382846262996411,0.5162831723972744,0.49489114556419855,0.6729658025694693,-0.6610526362918668,0.26958807937534046,0.561112932377475,,,,,
leverage_deviation,,,,,,,,,,,,,,0.0,0.002100274156474654,0.0073643273428521585,672.0,UVXY/SVXY excluded: no VX open series exists in the panel
leverage_deviation,,,,,,,,,,,,,,1.0,0.0026089844644770943,0.009804500182349699,672.0,UVXY/SVXY excluded: no VX open series exists in the panel
leverage_deviation,,,,,,,,,,,,,,2.0,0.0025419110287841543,0.009661305032109642,672.0,UVXY/SVXY excluded: no VX open series exists in the panel
leverage_deviation,,,,,,,,,,,,,,3.0,0.002556843711246743,0.009488449698979218,671.0,UVXY/SVXY excluded: no VX open series exists in the panel
leverage_deviation,,,,,,,,,,,,,,4.0,0.003556778226970745,0.013343583564977167,672.0,UVXY/SVXY excluded: no VX open series exists in the panel
leverage_deviation,,,,,,,,,,,,,,5.0,0.003445539465891179,0.011114472719810795,672.0,UVXY/SVXY excluded: no VX open series exists in the panel
leverage_deviation,,,,,,,,,,,,,,6.0,0.0037549272680351803,0.012759037625334972,672.0,UVXY/SVXY excluded: no VX open series exists in the panel
leverage_deviation,,,,,,,,,,,,,,7.0,0.004119580136018001,0.01229517802267771,671.0,UVXY/SVXY excluded: no VX open series exists in the panel
leverage_deviation,,,,,,,,,,,,,,8.0,0.004280988167080636,0.013308687305970283,672.0,UVXY/SVXY excluded: no VX open series exists in the panel
leverage_deviation,,,,,,,,,,,,,,9.0,0.004496149206706942,0.012616524625050042,672.0,UVXY/SVXY excluded: no VX open series exists in the panel
