table,param,config_line,classification,n_reading_files,reading_site,reading_code,on_grid_axis,is_axis_grid_tuple,reads_all_files,value,target,abs_gap,note,note2
positive_control,ann_return,,,,,,,,,0.5218447451814521,0.521845,2.5481854792896996e-07,,
positive_control,sharpe_lo,,,,,,,,,1.3817013060244996,1.381701,3.0602449951899757e-07,,
positive_control,n_sessions,,,,,,,,,2472.0,2472.0,0.0,,
positive_control,tolerance,,,,,,,,,5e-07,,,stated before comparing,
positive_control,verdict,,,,,,,,,,,,PASS,
parameter,WARMUP_SESSIONS,28,engine,22,scripts/s13_backtest.py:469,start_i = config.WARMUP_SESSIONS,0,0,scripts/s13_5_diagnostics.py scripts/s13_6_run.py scripts/s13_7_run.py scripts/s13_8_canonical.py scripts/s13_8_steps89.py scripts/s13_9_rerun.py scripts/s13_backtest.py scripts/s13_checks_interactive.py scripts/s13_hypo_q4_2011.py scripts/s13_runall.py scripts/s14_ladder.py scripts/s14_step0.py scripts/s155_arms.py scripts/s15_lines.py scripts/s15_metrics.py scripts/s17_common.py scripts/s18_step1.py scripts/s195_avail.py scripts/s195_strip.py scripts/s20_phaseA.py scripts/s20_phaseB.py src/portfolio.py,,,,,
parameter,TREND_SIGNAL_SERIES,40,engine,8,scripts/s14_common.py:139,out._lagged = {config.TREND_SIGNAL_SERIES},0,0,scripts/s13_6_run.py scripts/s13_8_canonical.py scripts/s13_9_rerun.py scripts/s13_runall.py scripts/s14_common.py scripts/s20_phaseA.py src/data.py src/sleeves.py,,,,,
parameter,TREND_SIGNAL_LAG,45,engine,1,src/data.py:147,"lag: int = config.TREND_SIGNAL_LAG,",0,0,src/data.py,,,,,
parameter,FINANCING_SPREAD_BP,54,harness,5,scripts/s10_build.py:150,spread_long = (config.FINANCING_SPREAD_BP if spread_long_bp is None,0,0,scripts/s10_build.py scripts/s10_validate.py scripts/s195_run.py scripts/s195_strip.py scripts/s20_phaseB.py,,,,,
parameter,FINANCING_SHORT_HAIRCUT_BP,55,harness,2,scripts/s10_build.py:152,haircut = (config.FINANCING_SHORT_HAIRCUT_BP if haircut_bp is None,0,0,scripts/s10_build.py scripts/s10_validate.py,,,,,
parameter,FINANCING_SPREAD_SWEEP_BP,60,none,0,,,0,0,,,,,,
parameter,EXECUTION_MODE,65,engine,1,src/execution.py:66,"def fill_series(frame: TickerFrame, mode: str = config.EXECUTION_MODE) -> pd.Series:",0,0,src/execution.py,,,,,
parameter,EXECUTION_MODES,66,engine,1,src/execution.py:57,if mode not in config.EXECUTION_MODES:,0,0,src/execution.py,,,,,
parameter,SIZING_MODE,78,engine,1,src/execution.py:94,"sizing: str = config.SIZING_MODE,",0,0,src/execution.py,,,,,
parameter,SIZING_MODES,79,engine,1,src/execution.py:62,if sizing not in config.SIZING_MODES:,0,0,src/execution.py,,,,,
parameter,INTERIOR_GAP_TREATMENT,90,validate_only,0,,,0,0,,,,,,
parameter,RSI_PERIOD_EXHAUSTION,106,engine,4,scripts/s13_backtest.py:298,"periods = {config.RSI_PERIOD_EXHAUSTION, config.RSI_PERIOD_DIP,",1,0,scripts/s13_backtest.py scripts/s17_axis_adoption.py scripts/s17_common.py scripts/s17_step1_control.py,,,,,
parameter,RSI_PERIOD_DIP,107,engine,5,scripts/s13_backtest.py:298,"periods = {config.RSI_PERIOD_EXHAUSTION, config.RSI_PERIOD_DIP,",1,0,scripts/s13_5_diagnostics.py scripts/s13_backtest.py scripts/s17_axis_adoption.py scripts/s17_common.py scripts/s17_step1_control.py,,,,,
parameter,RSI_PERIOD_RELATIVE_STRENGTH,108,engine,4,scripts/s13_backtest.py:299,config.RSI_PERIOD_RELATIVE_STRENGTH},1,0,scripts/s13_backtest.py scripts/s17_axis_adoption.py scripts/s17_common.py scripts/s17_step1_control.py,,,,,
parameter,OVERBOUGHT_TIER_1,111,engine,8,src/sleeves.py:287,"if _gt(ex(""TQQQ""), config.OVERBOUGHT_TIER_1):",1,0,scripts/s06_structure.py scripts/s07_checks.py scripts/s13_runall.py scripts/s17_axis_adoption.py scripts/s17_common.py scripts/s17_step1_control.py scripts/s20_phaseB.py src/sleeves.py,,,,,
parameter,OVERBOUGHT_TIER_2,114,engine,5,src/sleeves.py:247,"if any(_gt(ex(t), config.OVERBOUGHT_TIER_2) for t in T11_PANEL):",0,0,scripts/s07_checks.py scripts/s13_runall.py scripts/s17_common.py scripts/s17_step1_control.py src/sleeves.py,,,,,
parameter,OVERSOLD,117,engine,8,src/sleeves.py:173,"if _lt(dip(""TQQQ""), config.OVERSOLD):",1,0,scripts/s06_structure.py scripts/s13_5_diagnostics.py scripts/s13_runall.py scripts/s17_axis_adoption.py scripts/s17_common.py scripts/s17_step1_control.py scripts/s20_phaseB.py src/sleeves.py,,,,,
parameter,S3_VOTE_THRESHOLD,126,engine,7,src/sleeves.py:316,bull = votes >= config.S3_VOTE_THRESHOLD,1,0,scripts/s13_6_run.py scripts/s13_runall.py scripts/s17_axis_adoption.py scripts/s17_common.py scripts/s17_step1_control.py scripts/s20_phaseB.py src/sleeves.py,,,,,
parameter,S3_VOTE_MEMBERSHIP,132,engine,2,src/sleeves.py:84,"S3_VOTES = config.S3_VOTE_MEMBERSHIP          # 6.8, owned by config",0,0,scripts/s18_step1.py src/sleeves.py,,,,,
parameter,SMA_LONG,135,engine,9,scripts/s13_backtest.py:300,"lengths = {config.SMA_LONG, config.SMA_SHORT}",1,0,scripts/s06_structure.py scripts/s07_checks.py scripts/s13_backtest.py scripts/s13_runall.py scripts/s17_axis_adoption.py scripts/s17_common.py scripts/s17_step1_control.py scripts/s20_phaseB.py src/sleeves.py,,,,,
parameter,SMA_SHORT,138,engine,10,scripts/s13_backtest.py:300,"lengths = {config.SMA_LONG, config.SMA_SHORT}",1,0,scripts/s06_structure.py scripts/s07_checks.py scripts/s13_5_diagnostics.py scripts/s13_backtest.py scripts/s13_runall.py scripts/s17_axis_adoption.py scripts/s17_common.py scripts/s17_step1_control.py scripts/s20_phaseB.py src/sleeves.py,,,,,
parameter,CRASH_THRESHOLD_PCT,160,engine,8,src/sleeves.py:227,"if _lt(crash_input, config.CRASH_THRESHOLD_PCT):",1,0,scripts/s06_structure.py scripts/s07_checks.py scripts/s13_runall.py scripts/s17_axis_adoption.py scripts/s17_common.py scripts/s17_step1_control.py scripts/s20_phaseB.py src/sleeves.py,,,,,
parameter,CRASH_HORIZON_SESSIONS,168,engine,6,scripts/s13_backtest.py:340,assert t == config.CRASH_REFERENCE_TICKER and horizon == config.CRASH_HORIZON_SESSIONS,0,0,scripts/s06_structure.py scripts/s07_checks.py scripts/s13_backtest.py scripts/s13_runall.py scripts/s20_phaseB.py src/sleeves.py,,,,,
parameter,CRASH_REFERENCE_TICKER,170,engine,3,scripts/s13_backtest.py:340,assert t == config.CRASH_REFERENCE_TICKER and horizon == config.CRASH_HORIZON_SESSIONS,0,0,scripts/s13_backtest.py scripts/s13_runall.py src/sleeves.py,,,,,
parameter,SLEEVE_BUDGET,173,engine,3,src/portfolio.py:87,"out[ticker] = out.get(ticker, 0.0) + frac * config.SLEEVE_BUDGET",0,0,scripts/s13_5_diagnostics.py scripts/s155_arms.py src/portfolio.py,,,,,
parameter,N_SLEEVES,174,validate_only,0,,,0,0,,,,,,
parameter,GROSS_CAP,177,engine,1,src/portfolio.py:102,scale = config.GROSS_CAP / gross,0,0,src/portfolio.py,,,,,
parameter,LABEL_ROUNDING_PERCENT,180,none,0,,,0,0,,,,,,
parameter,COMMISSION_F_PER_SHARE,195,engine,5,scripts/s13_backtest.py:69,COMMISSION_PER_SHARE = config.COMMISSION_F_PER_SHARE,0,0,scripts/s13_8_canonical.py scripts/s13_9_rerun.py scripts/s13_backtest.py scripts/s14_common.py scripts/s15_rest.py,,,,,
parameter,COMMISSION_F_MINIMUM,196,engine,5,scripts/s13_backtest.py:70,COMMISSION_MINIMUM = config.COMMISSION_F_MINIMUM,0,0,scripts/s13_8_canonical.py scripts/s13_9_rerun.py scripts/s13_backtest.py scripts/s14_common.py scripts/s15_rest.py,,,,,
parameter,COMMISSION_F_CAP_FRAC,197,engine,5,scripts/s13_backtest.py:71,COMMISSION_CAP_FRAC = config.COMMISSION_F_CAP_FRAC,0,0,scripts/s13_8_canonical.py scripts/s13_9_rerun.py scripts/s13_backtest.py scripts/s14_common.py scripts/s15_rest.py,,,,,
parameter,COMMISSION_T_PER_SHARE,198,engine,3,scripts/s14_common.py:71,"c = min(max(config.COMMISSION_T_MINIMUM, config.COMMISSION_T_PER_SHARE * sh),",0,0,scripts/s13_8_canonical.py scripts/s13_9_rerun.py scripts/s14_common.py,,,,,
parameter,COMMISSION_T_MINIMUM,199,engine,3,scripts/s14_common.py:71,"c = min(max(config.COMMISSION_T_MINIMUM, config.COMMISSION_T_PER_SHARE * sh),",0,0,scripts/s13_8_canonical.py scripts/s13_9_rerun.py scripts/s14_common.py,,,,,
parameter,COMMISSION_T_CAP_FRAC,200,engine,3,scripts/s14_common.py:72,config.COMMISSION_T_CAP_FRAC * v) + PASSTHRU * sh,0,0,scripts/s13_8_canonical.py scripts/s13_9_rerun.py scripts/s14_common.py,,,,,
parameter,COMMISSION_SPLICE_DATE,201,engine,4,scripts/s14_common.py:36,SPLICE = pd.Timestamp(config.COMMISSION_SPLICE_DATE),0,0,scripts/s13_8_canonical.py scripts/s13_9_rerun.py scripts/s14_common.py scripts/s15_rest.py,,,,,
parameter,RISK_FREE_SERIES,209,engine,1,src/data.py:277,"p = Path(root) / f""{config.RISK_FREE_SERIES}.parquet""",0,0,src/data.py,,,,,
parameter,RISK_FREE_DAY_COUNT,218,engine,1,src/data.py:333,return 1.0 + (carried / 100.0) / config.RISK_FREE_DAY_COUNT,0,0,src/data.py,,,,,
parameter,RISK_FREE_ACCRUAL_BASIS,219,engine,1,src/data.py:325,"if config.RISK_FREE_ACCRUAL_BASIS == ""calendar"":",0,0,src/data.py,,,,,
parameter,SMH_PRE2013_ACCRUAL_PCT,229,engine,2,scripts/s13_backtest.py:182,add = config.SMH_PRE2013_ACCRUAL_PCT / 100.0 / 252.0,0,0,scripts/s13_backtest.py scripts/s20_phaseE.py,,,,,
parameter,SMH_ACCRUAL_GRID,234,harness,1,scripts/s20_phaseE.py:141,for arm in config.SMH_ACCRUAL_GRID:,0,0,scripts/s20_phaseE.py,,,,,
parameter,SLIPPAGE_BASE_GRID_BP,243,engine,10,scripts/s13_backtest.py:688,for bp in config.SLIPPAGE_BASE_GRID_BP:,0,0,scripts/s13_5_diagnostics.py scripts/s13_6_run.py scripts/s13_7_run.py scripts/s13_8_canonical.py scripts/s13_backtest.py scripts/s13_hypo_q4_2011.py scripts/s13_runall.py scripts/s14_ladder.py scripts/s155_arms.py scripts/s15_metrics.py,,,,,
parameter,SLIPPAGE_MODEL,255,validate_only,0,,,0,0,,,,,,
parameter,SLIPPAGE_MODELS,256,validate_only,0,,,0,0,,,,,,
parameter,SMA_LONG_GRID,267,harness,2,scripts/s17_common.py:31,lengths = sorted(set(config.SMA_LONG_GRID) | set(config.SMA_SHORT_GRID)),0,1,scripts/s17_axis_adoption.py scripts/s17_common.py,,,,,
parameter,CRASH_THRESHOLD_GRID,272,harness,2,scripts/s17_axis_adoption.py:0,"resolved dynamically through getattr(config, ""CRASH_THRESHOLD_GRID"")",0,1,scripts/s17_axis_adoption.py scripts/s17_common.py,,,,,
parameter,GRID_TOTAL_SPECIFICATIONS,282,validate_only,0,,,0,0,,,,,,
parameter,GRID_SEARCHED_SPECIFICATIONS,295,validate_only,0,,,0,0,,,,,,
parameter,GRID_UNSEARCHED_AXES,296,none,0,,,0,0,,,,,,
parameter,GRID_SUBSAMPLE_SEED,300,harness,3,scripts/s18_step0.py:114,"f""config carries GRID_SUBSAMPLE_SEED {config.GRID_SUBSAMPLE_SEED} and """,0,0,scripts/s18_step0.py scripts/s18_subsample.py scripts/s19_step9.py,,,,,
parameter,GRID_SUBSAMPLE_SIZE,301,harness,3,scripts/s18_step0.py:115,"f""GRID_SUBSAMPLE_SIZE {config.GRID_SUBSAMPLE_SIZE}; the worker never drew it. """,0,0,scripts/s18_step0.py scripts/s18_subsample.py scripts/s19_step9.py,,,,,
parameter,RSI_PERIOD_GRID,314,harness,2,scripts/s17_common.py:30,periods = sorted(set(config.RSI_PERIOD_GRID)),0,1,scripts/s17_axis_adoption.py scripts/s17_common.py,,,,,
parameter,OVERBOUGHT_TIER_1_GRID,315,harness,2,scripts/s17_axis_adoption.py:0,"resolved dynamically through getattr(config, ""OVERBOUGHT_TIER_1_GRID"")",0,1,scripts/s17_axis_adoption.py scripts/s17_common.py,,,,,
parameter,TIER_TWO_OFFSET_GRID,316,harness,2,scripts/s17_axis_adoption.py:0,"resolved dynamically through getattr(config, ""TIER_TWO_OFFSET_GRID"")",0,1,scripts/s17_axis_adoption.py scripts/s17_common.py,,,,,
parameter,OVERSOLD_GRID,317,harness,2,scripts/s17_axis_adoption.py:0,"resolved dynamically through getattr(config, ""OVERSOLD_GRID"")",0,1,scripts/s17_axis_adoption.py scripts/s17_common.py,,,,,
parameter,SMA_SHORT_GRID,318,harness,2,scripts/s17_common.py:31,lengths = sorted(set(config.SMA_LONG_GRID) | set(config.SMA_SHORT_GRID)),0,1,scripts/s17_axis_adoption.py scripts/s17_common.py,,,,,
parameter,S3_VOTE_THRESHOLD_GRID,319,harness,2,scripts/s17_axis_adoption.py:0,"resolved dynamically through getattr(config, ""S3_VOTE_THRESHOLD_GRID"")",0,1,scripts/s17_axis_adoption.py scripts/s17_common.py,,,,,
parameter,N_RSI_FUNCTION_TIED_PERIODS,323,validate_only,0,,,0,0,,,,,,
dead_read,SIZING_MODE,,"read in an engine file, never invoked",,,,,,,,,,"src/execution.py reads it as a default argument of size_position, and no module in the return-generating path calls size_position. The engine hardcodes math.trunc at scripts/s13_backtest.py:528, so the parameter has a read site but no influence on any result",
dead_read,EXECUTION_MODE,,"read in an engine file, never invoked",,,,,,,,,,"src/execution.py reads it as a default argument of size_position, and no module in the return-generating path calls size_position. The engine hardcodes math.trunc at scripts/s13_backtest.py:528, so the parameter has a read site but no influence on any result",
claim_on_unread,FINANCING_SPREAD_SWEEP_BP,,,,docs/DECISIONS-v3.md:206,"The sweep is widened to `FINANCING_SPREAD_SWEEP_BP` = (25, 50, 75,",,,,,,,,
claim_count,FINANCING_SPREAD_SWEEP_BP,,,,,,,,,1,,,documentation sites naming a parameter no code path reads,
claim_on_unread,INTERIOR_GAP_TREATMENT,,,,docs/DECISIONS-v3.md:55,"the recursion continues on the compressed series (`INTERIOR_GAP_TREATMENT`,",,,,,,,,
claim_on_unread,INTERIOR_GAP_TREATMENT,,,,outputs/session-09/REPORT.md:15,"| `INTERIOR_GAP_TREATMENT` | added, `""skip""`, with the proportionality reasoning and the three disclosed ^NETR",,,,,,,,
claim_count,INTERIOR_GAP_TREATMENT,,,,,,,,,2,,,documentation sites naming a parameter no code path reads,
claim_count,N_SLEEVES,,,,,,,,,0,,,documentation sites naming a parameter no code path reads,
claim_count,LABEL_ROUNDING_PERCENT,,,,,,,,,0,,,documentation sites naming a parameter no code path reads,
claim_on_unread,SLIPPAGE_MODEL,,,,outputs/session-05/REPORT.md:22,"| `SLIPPAGE_MODEL` | ""tier"" | 4.3 | closed; ""volatility_scaled"" pre-registered alternative |",,,,,,,,
claim_on_unread,SLIPPAGE_MODEL,,,,outputs/session-09/REPORT.md:17,"| `SLIPPAGE_MODEL` | `""tier""` → `""uniform""`; `SLIPPAGE_TIER_MULTIPLIERS` and its guarded accessor and the non-",,,,,,,,
claim_count,SLIPPAGE_MODEL,,,,,,,,,2,,,documentation sites naming a parameter no code path reads,
claim_count,SLIPPAGE_MODELS,,,,,,,,,0,,,documentation sites naming a parameter no code path reads,
claim_on_unread,GRID_TOTAL_SPECIFICATIONS,,,,docs/DECISIONS-v3.md:799,"`GRID_TOTAL_SPECIFICATIONS`, so a grid that cannot be constructed fails.",,,,,,,,
claim_on_unread,GRID_TOTAL_SPECIFICATIONS,,,,outputs/session-01/REPORT.md:61,"GRID_TOTAL_SPECIFICATIONS is 218,700 per 7.10 (273,375 × 4/5 — dropping 250",,,,,,,,
claim_count,GRID_TOTAL_SPECIFICATIONS,,,,,,,,,2,,,documentation sites naming a parameter no code path reads,
claim_count,GRID_SEARCHED_SPECIFICATIONS,,,,,,,,,0,,,documentation sites naming a parameter no code path reads,
claim_count,GRID_UNSEARCHED_AXES,,,,,,,,,0,,,documentation sites naming a parameter no code path reads,
claim_count,N_RSI_FUNCTION_TIED_PERIODS,,,,,,,,,0,,,documentation sites naming a parameter no code path reads,
named_check,FINANCING_SPREAD_BP,,harness,8,,,,,scripts/s10_build.py scripts/s10_validate.py scripts/s195_report.py scripts/s195_run.py scripts/s195_strip.py scripts/s20_phaseB.py scripts/s21_phaseA.py,,,,D16 records the financing spread as assumed and treated by the cost sweep; this row establishes whether the engine reads it,
named_check,completion_rule,,"engine, hardcoded, no config parameter",4,,,,,scripts/s13_backtest.py scripts/s21_phaseA.py,,,,"scripts/s13_backtest.py lines 18 to 24 mark it PROVISIONAL and not a register closure while it sits in the return-generating path. It is not a config parameter at all, so it cannot be unwired; it is unregistered rather than unread",
gate_A,axis_attrs_unread,,,,,,,,,0,,,every one of the nine grid axis attributes is read by the engine,
gate_A,axis_grid_tuples_unread,,,,,,,,,0,,,,"the tuples enumerating each axis are read by the grid harness rather than by the engine, which is expected since the engine consumes the bound value and not the tuple"
gate_A,verdict,,,,,,,,,,,,"PASS, session continues",
curve_or_axis_overlap,unread_on_curve_or_axis,,,,,,,,,0,,,,
